film_id,title,description,release_year,language_id,original_language_id,rental_duration,rental_rate,length,replacement_cost,rating,special_features,last_update,actor_id,film_id,last_update,actor_id,first_name,last_name,last_update
1,"ACADEMY DINOSAUR","A Epic Drama of a Feminist And a Mad Scientist who must Battle a Teacher in The Canadian Rockies",2006,1,NULL,6,0.99,86,20.99,PG,"Deleted Scenes,Behind the Scenes","2006-02-15 05:03:42",1,1,"2006-02-15 05:05:03",1,PENELOPE,GUINESS,"2006-02-15 04:34:33"
23,"ANACONDA CONFESSIONS","A Lacklusture Display of a Dentist And a Dentist who must Fight a Girl in Australia",2006,1,NULL,3,0.99,92,9.99,R,"Trailers,Deleted Scenes","2006-02-15 05:03:42",1,23,"2006-02-15 05:05:03",1,PENELOPE,GUINESS,"2006-02-15 04:34:33"
25,"ANGELS LIFE","A Thoughtful Display of a Woman And a Astronaut who must Battle a Robot in Berlin",2006,1,NULL,3,2.99,74,15.99,G,Trailers,"2006-02-15 05:03:42",1,25,"2006-02-15 05:05:03",1,PENELOPE,GUINESS,"2006-02-15 04:34:33"
106,"BULWORTH COMMANDMENTS","A Amazing Display of a Mad Cow And a Pioneer who must Redeem a Sumo Wrestler in The Outback",2006,1,NULL,4,2.99,61,14.99,G,Trailers,"2006-02-15 05:03:42",1,106,"2006-02-15 05:05:03",1,PENELOPE,GUINESS,"2006-02-15 04:34:33"
140,"CHEAPER CLYDE","A Emotional Character Study of a Pioneer And a Girl who must Discover a Dog in Ancient Japan",2006,1,NULL,6,0.99,87,23.99,G,"Trailers,Commentaries,Behind the Scenes","2006-02-15 05:03:42",1,140,"2006-02-15 05:05:03",1,PENELOPE,GUINESS,"2006-02-15 04:34:33"
166,"COLOR PHILADELPHIA","A Thoughtful Panorama of a Car And a Crocodile who must Sink a Monkey in The Sahara Desert",2006,1,NULL,6,2.99,149,19.99,G,"Commentaries,Behind the Scenes","2006-02-15 05:03:42",1,166,"2006-02-15 05:05:03",1,PENELOPE,GUINESS,"2006-02-15 04:34:33"
277,"ELEPHANT TROJAN","A Beautiful Panorama of a Lumberjack And a Forensic Psychologist who must Overcome a Frisbee in A Baloon",2006,1,NULL,4,4.99,126,24.99,PG-13,"Behind the Scenes","2006-02-15 05:03:42",1,277,"2006-02-15 05:05:03",1,PENELOPE,GUINESS,"2006-02-15 04:34:33"
361,"GLEAMING JAWBREAKER","A Amazing Display of a Composer And a Forensic Psychologist who must Discover a Car in The Canadian Rockies",2006,1,NULL,5,2.99,89,25.99,NC-17,"Trailers,Commentaries","2006-02-15 05:03:42",1,361,"2006-02-15 05:05:03",1,PENELOPE,GUINESS,"2006-02-15 04:34:33"
438,"HUMAN GRAFFITI","A Beautiful Reflection of a Womanizer And a Sumo Wrestler who must Chase a Database Administrator in The Gulf of Mexico",2006,1,NULL,3,2.99,68,22.99,NC-17,"Trailers,Behind the Scenes","2006-02-15 05:03:42",1,438,"2006-02-15 05:05:03",1,PENELOPE,GUINESS,"2006-02-15 04:34:33"
499,"KING EVOLUTION","A Action-Packed Tale of a Boy And a Lumberjack who must Chase a Madman in A Baloon",2006,1,NULL,3,4.99,184,24.99,NC-17,"Trailers,Deleted Scenes,Behind the Scenes","2006-02-15 05:03:42",1,499,"2006-02-15 05:05:03",1,PENELOPE,GUINESS,"2006-02-15 04:34:33"
506,"LADY STAGE","A Beautiful Character Study of a Woman And a Man who must Pursue a Explorer in A U-Boat",2006,1,NULL,4,4.99,67,14.99,PG,"Trailers,Deleted Scenes,Behind the Scenes","2006-02-15 05:03:42",1,506,"2006-02-15 05:05:03",1,PENELOPE,GUINESS,"2006-02-15 04:34:33"
509,"LANGUAGE COWBOY","A Epic Yarn of a Cat And a Madman who must Vanquish a Dentist in An Abandoned Amusement Park",2006,1,NULL,5,0.99,78,26.99,NC-17,"Trailers,Deleted Scenes","2006-02-15 05:03:42",1,509,"2006-02-15 05:05:03",1,PENELOPE,GUINESS,"2006-02-15 04:34:33"
605,"MULHOLLAND BEAST","A Awe-Inspiring Display of a Husband And a Squirrel who must Battle a Sumo Wrestler in A Jet Boat",2006,1,NULL,7,2.99,157,13.99,PG,"Trailers,Deleted Scenes,Behind the Scenes","2006-02-15 05:03:42",1,605,"2006-02-15 05:05:03",1,PENELOPE,GUINESS,"2006-02-15 04:34:33"
635,"OKLAHOMA JUMANJI","A Thoughtful Drama of a Dentist And a Womanizer who must Meet a Husband in The Sahara Desert",2006,1,NULL,7,0.99,58,15.99,PG,"Behind the Scenes","2006-02-15 05:03:42",1,635,"2006-02-15 05:05:03",1,PENELOPE,GUINESS,"2006-02-15 04:34:33"
749,"RULES HUMAN","A Beautiful Epistle of a Astronaut And a Student who must Confront a Monkey in An Abandoned Fun House",2006,1,NULL,6,4.99,153,19.99,R,"Deleted Scenes,Behind the Scenes","2006-02-15 05:03:42",1,749,"2006-02-15 05:05:03",1,PENELOPE,GUINESS,"2006-02-15 04:34:33"
832,"SPLASH GUMP","A Taut Saga of a Crocodile And a Boat who must Conquer a Hunter in A Shark Tank",2006,1,NULL,5,0.99,175,16.99,PG,"Trailers,Commentaries,Deleted Scenes,Behind the Scenes","2006-02-15 05:03:42",1,832,"2006-02-15 05:05:03",1,PENELOPE,GUINESS,"2006-02-15 04:34:33"
939,"VERTIGO NORTHWEST","A Unbelieveable Display of a Mad Scientist And a Mad Scientist who must Outgun a Mad Cow in Ancient Japan",2006,1,NULL,4,2.99,90,17.99,R,"Commentaries,Behind the Scenes","2006-02-15 05:03:42",1,939,"2006-02-15 05:05:03",1,PENELOPE,GUINESS,"2006-02-15 04:34:33"
970,"WESTWARD SEABISCUIT","A Lacklusture Tale of a Butler And a Husband who must Face a Boy in Ancient China",2006,1,NULL,7,0.99,52,11.99,NC-17,"Commentaries,Deleted Scenes","2006-02-15 05:03:42",1,970,"2006-02-15 05:05:03",1,PENELOPE,GUINESS,"2006-02-15 04:34:33"
980,"WIZARD COLDBLOODED","A Lacklusture Display of a Robot And a Girl who must Defeat a Sumo Wrestler in A MySQL Convention",2006,1,NULL,4,4.99,75,12.99,PG,"Commentaries,Deleted Scenes,Behind the Scenes","2006-02-15 05:03:42",1,980,"2006-02-15 05:05:03",1,PENELOPE,GUINESS,"2006-02-15 04:34:33"
3,"ADAPTATION HOLES","A Astounding Reflection of a Lumberjack And a Car who must Sink a Lumberjack in A Baloon Factory",2006,1,NULL,7,2.99,50,18.99,NC-17,"Trailers,Deleted Scenes","2006-02-15 05:03:42",2,3,"2006-02-15 05:05:03",2,NICK,WAHLBERG,"2006-02-15 04:34:33"
31,"APACHE DIVINE","A Awe-Inspiring Reflection of a Pastry Chef And a Teacher who must Overcome a Sumo Wrestler in A U-Boat",2006,1,NULL,5,4.99,92,16.99,NC-17,"Commentaries,Deleted Scenes,Behind the Scenes","2006-02-15 05:03:42",2,31,"2006-02-15 05:05:03",2,NICK,WAHLBERG,"2006-02-15 04:34:33"
47,"BABY HALL","A Boring Character Study of a A Shark And a Girl who must Outrace a Feminist in An Abandoned Mine Shaft",2006,1,NULL,5,4.99,153,23.99,NC-17,Commentaries,"2006-02-15 05:03:42",2,47,"2006-02-15 05:05:03",2,NICK,WAHLBERG,"2006-02-15 04:34:33"
105,"BULL SHAWSHANK","A Fanciful Drama of a Moose And a Squirrel who must Conquer a Pioneer in The Canadian Rockies",2006,1,NULL,6,0.99,125,21.99,NC-17,"Deleted Scenes","2006-02-15 05:03:42",2,105,"2006-02-15 05:05:03",2,NICK,WAHLBERG,"2006-02-15 04:34:33"
132,"CHAINSAW UPTOWN","A Beautiful Documentary of a Boy And a Robot who must Discover a Squirrel in Australia",2006,1,NULL,6,0.99,114,25.99,PG,"Deleted Scenes,Behind the Scenes","2006-02-15 05:03:42",2,132,"2006-02-15 05:05:03",2,NICK,WAHLBERG,"2006-02-15 04:34:33"
145,"CHISUM BEHAVIOR","A Epic Documentary of a Sumo Wrestler And a Butler who must Kill a Car in Ancient India",2006,1,NULL,5,4.99,124,25.99,G,"Trailers,Commentaries,Behind the Scenes","2006-02-15 05:03:42",2,145,"2006-02-15 05:05:03",2,NICK,WAHLBERG,"2006-02-15 04:34:33"
226,"DESTINY SATURDAY","A Touching Drama of a Crocodile And a Crocodile who must Conquer a Explorer in Soviet Georgia",2006,1,NULL,4,4.99,56,20.99,G,"Trailers,Commentaries,Behind the Scenes","2006-02-15 05:03:42",2,226,"2006-02-15 05:05:03",2,NICK,WAHLBERG,"2006-02-15 04:34:33"
249,"DRACULA CRYSTAL","A Thrilling Reflection of a Feminist And a Cat who must Find a Frisbee in An Abandoned Fun House",2006,1,NULL,7,0.99,176,26.99,G,Commentaries,"2006-02-15 05:03:42",2,249,"2006-02-15 05:05:03",2,NICK,WAHLBERG,"2006-02-15 04:34:33"
314,"FIGHT JAWBREAKER","A Intrepid Panorama of a Womanizer And a Girl who must Escape a Girl in A Manhattan Penthouse",2006,1,NULL,3,0.99,91,13.99,R,"Trailers,Commentaries,Deleted Scenes,Behind the Scenes","2006-02-15 05:03:42",2,314,"2006-02-15 05:05:03",2,NICK,WAHLBERG,"2006-02-15 04:34:33"
321,"FLASH WARS","A Astounding Saga of a Moose And a Pastry Chef who must Chase a Student in The Gulf of Mexico",2006,1,NULL,3,4.99,123,21.99,NC-17,"Trailers,Commentaries,Behind the Scenes","2006-02-15 05:03:42",2,321,"2006-02-15 05:05:03",2,NICK,WAHLBERG,"2006-02-15 04:34:33"
357,"GILBERT PELICAN","A Fateful Tale of a Man And a Feminist who must Conquer a Crocodile in A Manhattan Penthouse",2006,1,NULL,7,0.99,114,13.99,G,"Trailers,Commentaries","2006-02-15 05:03:42",2,357,"2006-02-15 05:05:03",2,NICK,WAHLBERG,"2006-02-15 04:34:33"
369,"GOODFELLAS SALUTE","A Unbelieveable Tale of a Dog And a Explorer who must Sink a Mad Cow in A Baloon Factory",2006,1,NULL,4,4.99,56,22.99,PG,"Deleted Scenes","2006-02-15 05:03:42",2,369,"2006-02-15 05:05:03",2,NICK,WAHLBERG,"2006-02-15 04:34:33"
399,"HAPPINESS UNITED","A Action-Packed Panorama of a Husband And a Feminist who must Meet a Forensic Psychologist in Ancient Japan",2006,1,NULL,6,2.99,100,23.99,G,"Deleted Scenes","2006-02-15 05:03:42",2,399,"2006-02-15 05:05:03",2,NICK,WAHLBERG,"2006-02-15 04:34:33"
458,"INDIAN LOVE","A Insightful Saga of a Mad Scientist And a Mad Scientist who must Kill a Astronaut in An Abandoned Fun House",2006,1,NULL,4,0.99,135,26.99,NC-17,"Trailers,Commentaries,Deleted Scenes,Behind the Scenes","2006-02-15 05:03:42",2,458,"2006-02-15 05:05:03",2,NICK,WAHLBERG,"2006-02-15 04:34:33"
481,"JEKYLL FROGMEN","A Fanciful Epistle of a Student And a Astronaut who must Kill a Waitress in A Shark Tank",2006,1,NULL,4,2.99,58,22.99,PG,"Commentaries,Deleted Scenes,Behind the Scenes","2006-02-15 05:03:42",2,481,"2006-02-15 05:05:03",2,NICK,WAHLBERG,"2006-02-15 04:34:33"
485,"JERSEY SASSY","A Lacklusture Documentary of a Madman And a Mad Cow who must Find a Feminist in Ancient Japan",2006,1,NULL,6,4.99,60,16.99,PG,"Deleted Scenes,Behind the Scenes","2006-02-15 05:03:42",2,485,"2006-02-15 05:05:03",2,NICK,WAHLBERG,"2006-02-15 04:34:33"
518,"LIAISONS SWEET","A Boring Drama of a A Shark And a Explorer who must Redeem a Waitress in The Canadian Rockies",2006,1,NULL,5,4.99,140,15.99,PG,"Commentaries,Behind the Scenes","2006-02-15 05:03:42",2,518,"2006-02-15 05:05:03",2,NICK,WAHLBERG,"2006-02-15 04:34:33"
540,"LUCKY FLYING","A Lacklusture Character Study of a A Shark And a Man who must Find a Forensic Psychologist in A U-Boat",2006,1,NULL,7,2.99,97,10.99,PG-13,"Trailers,Commentaries,Behind the Scenes","2006-02-15 05:03:42",2,540,"2006-02-15 05:05:03",2,NICK,WAHLBERG,"2006-02-15 04:34:33"
550,"MAGUIRE APACHE","A Fast-Paced Reflection of a Waitress And a Hunter who must Defeat a Forensic Psychologist in A Baloon",2006,1,NULL,6,2.99,74,22.99,NC-17,"Trailers,Commentaries","2006-02-15 05:03:42",2,550,"2006-02-15 05:05:03",2,NICK,WAHLBERG,"2006-02-15 04:34:33"
555,"MALLRATS UNITED","A Thrilling Yarn of a Waitress And a Dentist who must Find a Hunter in A Monastery",2006,1,NULL,4,0.99,133,25.99,PG,"Trailers,Commentaries,Deleted Scenes","2006-02-15 05:03:42",2,555,"2006-02-15 05:05:03",2,NICK,WAHLBERG,"2006-02-15 04:34:33"
561,"MASK PEACH","A Boring Character Study of a Student And a Robot who must Meet a Woman in California",2006,1,NULL,6,2.99,123,26.99,NC-17,"Commentaries,Deleted Scenes","2006-02-15 05:03:42",2,561,"2006-02-15 05:05:03",2,NICK,WAHLBERG,"2006-02-15 04:34:33"
742,"ROOF CHAMPION","A Lacklusture Reflection of a Car And a Explorer who must Find a Monkey in A Baloon",2006,1,NULL,7,0.99,101,25.99,R,"Deleted Scenes,Behind the Scenes","2006-02-15 05:03:42",2,742,"2006-02-15 05:05:03",2,NICK,WAHLBERG,"2006-02-15 04:34:33"
754,"RUSHMORE MERMAID","A Boring Story of a Woman And a Moose who must Reach a Husband in A Shark Tank",2006,1,NULL,6,2.99,150,17.99,PG-13,"Trailers,Commentaries,Deleted Scenes","2006-02-15 05:03:42",2,754,"2006-02-15 05:05:03",2,NICK,WAHLBERG,"2006-02-15 04:34:33"
811,"SMILE EARRING","A Intrepid Drama of a Teacher And a Butler who must Build a Pastry Chef in Berlin",2006,1,NULL,4,2.99,60,29.99,G,"Commentaries,Behind the Scenes","2006-02-15 05:03:42",2,811,"2006-02-15 05:05:03",2,NICK,WAHLBERG,"2006-02-15 04:34:33"
958,"WARDROBE PHANTOM","A Action-Packed Display of a Mad Cow And a Astronaut who must Kill a Car in Ancient India",2006,1,NULL,6,2.99,178,19.99,G,"Trailers,Commentaries","2006-02-15 05:03:42",2,958,"2006-02-15 05:05:03",2,NICK,WAHLBERG,"2006-02-15 04:34:33"
17,"ALONE TRIP","A Fast-Paced Character Study of a Composer And a Dog who must Outgun a Boat in An Abandoned Fun House",2006,1,NULL,3,0.99,82,14.99,R,"Trailers,Behind the Scenes","2006-02-15 05:03:42",3,17,"2006-02-15 05:05:03",3,ED,CHASE,"2006-02-15 04:34:33"
40,"ARMY FLINTSTONES","A Boring Saga of a Database Administrator And a Womanizer who must Battle a Waitress in Nigeria",2006,1,NULL,4,0.99,148,22.99,R,"Trailers,Commentaries","2006-02-15 05:03:42",3,40,"2006-02-15 05:05:03",3,ED,CHASE,"2006-02-15 04:34:33"
42,"ARTIST COLDBLOODED","A Stunning Reflection of a Robot And a Moose who must Challenge a Woman in California",2006,1,NULL,5,2.99,170,10.99,NC-17,"Trailers,Behind the Scenes","2006-02-15 05:03:42",3,42,"2006-02-15 05:05:03",3,ED,CHASE,"2006-02-15 04:34:33"
87,"BOONDOCK BALLROOM","A Fateful Panorama of a Crocodile And a Boy who must Defeat a Monkey in The Gulf of Mexico",2006,1,NULL,7,0.99,76,14.99,NC-17,"Behind the Scenes","2006-02-15 05:03:42",3,87,"2006-02-15 05:05:03",3,ED,CHASE,"2006-02-15 04:34:33"
111,"CADDYSHACK JEDI","A Awe-Inspiring Epistle of a Woman And a Madman who must Fight a Robot in Soviet Georgia",2006,1,NULL,3,0.99,52,17.99,NC-17,"Commentaries,Deleted Scenes","2006-02-15 05:03:42",3,111,"2006-02-15 05:05:03",3,ED,CHASE,"2006-02-15 04:34:33"
185,"COWBOY DOOM","A Astounding Drama of a Boy And a Lumberjack who must Fight a Butler in A Baloon",2006,1,NULL,3,2.99,146,10.99,PG,"Commentaries,Deleted Scenes,Behind the Scenes","2006-02-15 05:03:42",3,185,"2006-02-15 05:05:03",3,ED,CHASE,"2006-02-15 04:34:33"
289,"EVE RESURRECTION","A Awe-Inspiring Yarn of a Pastry Chef And a Database Administrator who must Challenge a Teacher in A Baloon",2006,1,NULL,5,4.99,66,25.99,G,"Trailers,Commentaries,Deleted Scenes","2006-02-15 05:03:42",3,289,"2006-02-15 05:05:03",3,ED,CHASE,"2006-02-15 04:34:33"
329,"FORREST SONS","A Thrilling Documentary of a Forensic Psychologist And a Butler who must Defeat a Explorer in A Jet Boat",2006,1,NULL,4,2.99,63,15.99,R,Commentaries,"2006-02-15 05:03:42",3,329,"2006-02-15 05:05:03",3,ED,CHASE,"2006-02-15 04:34:33"
336,"FRENCH HOLIDAY","A Thrilling Epistle of a Dog And a Feminist who must Kill a Madman in Berlin",2006,1,NULL,5,4.99,99,22.99,PG,"Behind the Scenes","2006-02-15 05:03:42",3,336,"2006-02-15 05:05:03",3,ED,CHASE,"2006-02-15 04:34:33"
341,"FROST HEAD","A Amazing Reflection of a Lumberjack And a Cat who must Discover a Husband in A MySQL Convention",2006,1,NULL,5,0.99,82,13.99,PG,"Trailers,Deleted Scenes","2006-02-15 05:03:42",3,341,"2006-02-15 05:05:03",3,ED,CHASE,"2006-02-15 04:34:33"
393,"HALLOWEEN NUTS","A Amazing Panorama of a Forensic Psychologist And a Technical Writer who must Fight a Dentist in A U-Boat",2006,1,NULL,6,2.99,47,19.99,PG-13,"Deleted Scenes","2006-02-15 05:03:42",3,393,"2006-02-15 05:05:03",3,ED,CHASE,"2006-02-15 04:34:33"
441,"HUNTER ALTER","A Emotional Drama of a Mad Cow And a Boat who must Redeem a Secret Agent in A Shark Tank",2006,1,NULL,5,2.99,125,21.99,PG-13,"Commentaries,Deleted Scenes,Behind the Scenes","2006-02-15 05:03:42",3,441,"2006-02-15 05:05:03",3,ED,CHASE,"2006-02-15 04:34:33"
453,"IMAGE PRINCESS","A Lacklusture Panorama of a Secret Agent And a Crocodile who must Discover a Madman in The Canadian Rockies",2006,1,NULL,3,2.99,178,17.99,PG-13,"Trailers,Commentaries,Deleted Scenes","2006-02-15 05:03:42",3,453,"2006-02-15 05:05:03",3,ED,CHASE,"2006-02-15 04:34:33"
480,"JEEPERS WEDDING","A Astounding Display of a Composer And a Dog who must Kill a Pastry Chef in Soviet Georgia",2006,1,NULL,3,2.99,84,29.99,R,"Trailers,Commentaries,Deleted Scenes","2006-02-15 05:03:42",3,480,"2006-02-15 05:05:03",3,ED,CHASE,"2006-02-15 04:34:33"
539,"LUCK OPUS","A Boring Display of a Moose And a Squirrel who must Outrace a Teacher in A Shark Tank",2006,1,NULL,7,2.99,152,21.99,NC-17,"Trailers,Commentaries,Behind the Scenes","2006-02-15 05:03:42",3,539,"2006-02-15 05:05:03",3,ED,CHASE,"2006-02-15 04:34:33"
618,"NECKLACE OUTBREAK","A Astounding Epistle of a Database Administrator And a Mad Scientist who must Pursue a Cat in California",2006,1,NULL,3,0.99,132,21.99,PG,"Trailers,Commentaries,Behind the Scenes","2006-02-15 05:03:42",3,618,"2006-02-15 05:05:03",3,ED,CHASE,"2006-02-15 04:34:33"
685,"PLATOON INSTINCT","A Thrilling Panorama of a Man And a Woman who must Reach a Woman in Australia",2006,1,NULL,6,4.99,132,10.99,PG-13,"Trailers,Commentaries","2006-02-15 05:03:42",3,685,"2006-02-15 05:05:03",3,ED,CHASE,"2006-02-15 04:34:33"
827,"SPICE SORORITY","A Fateful Display of a Pioneer And a Hunter who must Defeat a Husband in An Abandoned Mine Shaft",2006,1,NULL,5,4.99,141,22.99,NC-17,"Trailers,Commentaries,Deleted Scenes,Behind the Scenes","2006-02-15 05:03:42",3,827,"2006-02-15 05:05:03",3,ED,CHASE,"2006-02-15 04:34:33"
966,"WEDDING APOLLO","A Action-Packed Tale of a Student And a Waitress who must Conquer a Lumberjack in An Abandoned Mine Shaft",2006,1,NULL,3,0.99,70,14.99,PG,Trailers,"2006-02-15 05:03:42",3,966,"2006-02-15 05:05:03",3,ED,CHASE,"2006-02-15 04:34:33"
967,"WEEKEND PERSONAL","A Fast-Paced Documentary of a Car And a Butler who must Find a Frisbee in A Jet Boat",2006,1,NULL,5,2.99,134,26.99,R,"Trailers,Commentaries,Deleted Scenes,Behind the Scenes","2006-02-15 05:03:42",3,967,"2006-02-15 05:05:03",3,ED,CHASE,"2006-02-15 04:34:33"
971,"WHALE BIKINI","A Intrepid Story of a Pastry Chef And a Database Administrator who must Kill a Feminist in A MySQL Convention",2006,1,NULL,4,4.99,109,11.99,PG-13,"Commentaries,Deleted Scenes,Behind the Scenes","2006-02-15 05:03:42",3,971,"2006-02-15 05:05:03",3,ED,CHASE,"2006-02-15 04:34:33"
996,"YOUNG LANGUAGE","A Unbelieveable Yarn of a Boat And a Database Administrator who must Meet a Boy in The First Manned Space Station",2006,1,NULL,6,0.99,183,9.99,G,"Trailers,Behind the Scenes","2006-02-15 05:03:42",3,996,"2006-02-15 05:05:03",3,ED,CHASE,"2006-02-15 04:34:33"
23,"ANACONDA CONFESSIONS","A Lacklusture Display of a Dentist And a Dentist who must Fight a Girl in Australia",2006,1,NULL,3,0.99,92,9.99,R,"Trailers,Deleted Scenes","2006-02-15 05:03:42",4,23,"2006-02-15 05:05:03",4,JENNIFER,DAVIS,"2006-02-15 04:34:33"
25,"ANGELS LIFE","A Thoughtful Display of a Woman And a Astronaut who must Battle a Robot in Berlin",2006,1,NULL,3,2.99,74,15.99,G,Trailers,"2006-02-15 05:03:42",4,25,"2006-02-15 05:05:03",4,JENNIFER,DAVIS,"2006-02-15 04:34:33"
56,"BAREFOOT MANCHURIAN","A Intrepid Story of a Cat And a Student who must Vanquish a Girl in An Abandoned Amusement Park",2006,1,NULL,6,2.99,129,15.99,G,"Trailers,Commentaries","2006-02-15 05:03:42",4,56,"2006-02-15 05:05:03",4,JENNIFER,DAVIS,"2006-02-15 04:34:33"
62,"BED HIGHBALL","A Astounding Panorama of a Lumberjack And a Dog who must Redeem a Woman in An Abandoned Fun House",2006,1,NULL,5,2.99,106,23.99,NC-17,"Trailers,Commentaries,Deleted Scenes","2006-02-15 05:03:42",4,62,"2006-02-15 05:05:03",4,JENNIFER,DAVIS,"2006-02-15 04:34:33"
79,"BLADE POLISH","A Thoughtful Character Study of a Frisbee And a Pastry Chef who must Fight a Dentist in The First Manned Space Station",2006,1,NULL,5,0.99,114,10.99,PG-13,"Trailers,Behind the Scenes","2006-02-15 05:03:42",4,79,"2006-02-15 05:05:03",4,JENNIFER,DAVIS,"2006-02-15 04:34:33"
87,"BOONDOCK BALLROOM","A Fateful Panorama of a Crocodile And a Boy who must Defeat a Monkey in The Gulf of Mexico",2006,1,NULL,7,0.99,76,14.99,NC-17,"Behind the Scenes","2006-02-15 05:03:42",4,87,"2006-02-15 05:05:03",4,JENNIFER,DAVIS,"2006-02-15 04:34:33"
355,"GHOSTBUSTERS ELF","A Thoughtful Epistle of a Dog And a Feminist who must Chase a Composer in Berlin",2006,1,NULL,7,0.99,101,18.99,R,"Trailers,Deleted Scenes,Behind the Scenes","2006-02-15 05:03:42",4,355,"2006-02-15 05:05:03",4,JENNIFER,DAVIS,"2006-02-15 04:34:33"
379,"GREEDY ROOTS","A Amazing Reflection of a A Shark And a Butler who must Chase a Hunter in The Canadian Rockies",2006,1,NULL,7,0.99,166,14.99,R,"Trailers,Commentaries,Deleted Scenes","2006-02-15 05:03:42",4,379,"2006-02-15 05:05:03",4,JENNIFER,DAVIS,"2006-02-15 04:34:33"
398,"HANOVER GALAXY","A Stunning Reflection of a Girl And a Secret Agent who must Succumb a Boy in A MySQL Convention",2006,1,NULL,5,4.99,47,21.99,NC-17,"Commentaries,Deleted Scenes,Behind the Scenes","2006-02-15 05:03:42",4,398,"2006-02-15 05:05:03",4,JENNIFER,DAVIS,"2006-02-15 04:34:33"
463,"INSTINCT AIRPORT","A Touching Documentary of a Mad Cow And a Explorer who must Confront a Butler in A Manhattan Penthouse",2006,1,NULL,4,2.99,116,21.99,PG,"Commentaries,Deleted Scenes","2006-02-15 05:03:42",4,463,"2006-02-15 05:05:03",4,JENNIFER,DAVIS,"2006-02-15 04:34:33"
490,"JUMANJI BLADE","A Intrepid Yarn of a Husband And a Womanizer who must Pursue a Mad Scientist in New Orleans",2006,1,NULL,4,2.99,121,13.99,G,"Commentaries,Behind the Scenes","2006-02-15 05:03:42",4,490,"2006-02-15 05:05:03",4,JENNIFER,DAVIS,"2006-02-15 04:34:33"
616,"NATIONAL STORY","A Taut Epistle of a Mad Scientist And a Girl who must Escape a Monkey in California",2006,1,NULL,4,2.99,92,19.99,NC-17,Trailers,"2006-02-15 05:03:42",4,616,"2006-02-15 05:05:03",4,JENNIFER,DAVIS,"2006-02-15 04:34:33"
635,"OKLAHOMA JUMANJI","A Thoughtful Drama of a Dentist And a Womanizer who must Meet a Husband in The Sahara Desert",2006,1,NULL,7,0.99,58,15.99,PG,"Behind the Scenes","2006-02-15 05:03:42",4,635,"2006-02-15 05:05:03",4,JENNIFER,DAVIS,"2006-02-15 04:34:33"
691,"POSEIDON FOREVER","A Thoughtful Epistle of a Womanizer And a Monkey who must Vanquish a Dentist in A Monastery",2006,1,NULL,6,4.99,159,29.99,PG-13,Commentaries,"2006-02-15 05:03:42",4,691,"2006-02-15 05:05:03",4,JENNIFER,DAVIS,"2006-02-15 04:34:33"
712,"RAIDERS ANTITRUST","A Amazing Drama of a Teacher And a Feminist who must Meet a Woman in The First Manned Space Station",2006,1,NULL,4,0.99,82,11.99,PG-13,"Deleted Scenes","2006-02-15 05:03:42",4,712,"2006-02-15 05:05:03",4,JENNIFER,DAVIS,"2006-02-15 04:34:33"
714,"RANDOM GO","A Fateful Drama of a Frisbee And a Student who must Confront a Cat in A Shark Tank",2006,1,NULL,6,2.99,73,29.99,NC-17,Trailers,"2006-02-15 05:03:42",4,714,"2006-02-15 05:05:03",4,JENNIFER,DAVIS,"2006-02-15 04:34:33"
721,"REDS POCUS","A Lacklusture Yarn of a Sumo Wrestler And a Squirrel who must Redeem a Monkey in Soviet Georgia",2006,1,NULL,7,4.99,182,23.99,PG-13,"Trailers,Behind the Scenes","2006-02-15 05:03:42",4,721,"2006-02-15 05:05:03",4,JENNIFER,DAVIS,"2006-02-15 04:34:33"
798,"SILVERADO GOLDFINGER","A Stunning Epistle of a Sumo Wrestler And a Man who must Challenge a Waitress in Ancient India",2006,1,NULL,4,4.99,74,11.99,PG,"Trailers,Commentaries","2006-02-15 05:03:42",4,798,"2006-02-15 05:05:03",4,JENNIFER,DAVIS,"2006-02-15 04:34:33"
832,"SPLASH GUMP","A Taut Saga of a Crocodile And a Boat who must Conquer a Hunter in A Shark Tank",2006,1,NULL,5,0.99,175,16.99,PG,"Trailers,Commentaries,Deleted Scenes,Behind the Scenes","2006-02-15 05:03:42",4,832,"2006-02-15 05:05:03",4,JENNIFER,DAVIS,"2006-02-15 04:34:33"
858,"SUBMARINE BED","A Amazing Display of a Car And a Monkey who must Fight a Teacher in Soviet Georgia",2006,1,NULL,5,4.99,127,21.99,R,Trailers,"2006-02-15 05:03:42",4,858,"2006-02-15 05:05:03",4,JENNIFER,DAVIS,"2006-02-15 04:34:33"
909,"TREASURE COMMAND","A Emotional Saga of a Car And a Madman who must Discover a Pioneer in California",2006,1,NULL,3,0.99,102,28.99,PG-13,"Trailers,Commentaries,Deleted Scenes,Behind the Scenes","2006-02-15 05:03:42",4,909,"2006-02-15 05:05:03",4,JENNIFER,DAVIS,"2006-02-15 04:34:33"
924,"UNFORGIVEN ZOOLANDER","A Taut Epistle of a Monkey And a Sumo Wrestler who must Vanquish a A Shark in A Baloon Factory",2006,1,NULL,7,0.99,129,15.99,PG,"Trailers,Commentaries,Behind the Scenes","2006-02-15 05:03:42",4,924,"2006-02-15 05:05:03",4,JENNIFER,DAVIS,"2006-02-15 04:34:33"
19,"AMADEUS HOLY","A Emotional Display of a Pioneer And a Technical Writer who must Battle a Man in A Baloon",2006,1,NULL,6,0.99,113,20.99,PG,"Commentaries,Deleted Scenes,Behind the Scenes","2006-02-15 05:03:42",5,19,"2006-02-15 05:05:03",5,JOHNNY,LOLLOBRIGIDA,"2006-02-15 04:34:33"
54,"BANGER PINOCCHIO","A Awe-Inspiring Drama of a Car And a Pastry Chef who must Chase a Crocodile in The First Manned Space Station",2006,1,NULL,5,0.99,113,15.99,R,"Trailers,Commentaries,Deleted Scenes","2006-02-15 05:03:42",5,54,"2006-02-15 05:05:03",5,JOHNNY,LOLLOBRIGIDA,"2006-02-15 04:34:33"
85,"BONNIE HOLOCAUST","A Fast-Paced Story of a Crocodile And a Robot who must Find a Moose in Ancient Japan",2006,1,NULL,4,0.99,63,29.99,G,"Deleted Scenes","2006-02-15 05:03:42",5,85,"2006-02-15 05:05:03",5,JOHNNY,LOLLOBRIGIDA,"2006-02-15 04:34:33"
146,"CHITTY LOCK","A Boring Epistle of a Boat And a Database Administrator who must Kill a Sumo Wrestler in The First Manned Space Station",2006,1,NULL,6,2.99,107,24.99,G,Commentaries,"2006-02-15 05:03:42",5,146,"2006-02-15 05:05:03",5,JOHNNY,LOLLOBRIGIDA,"2006-02-15 04:34:33"
171,"COMMANDMENTS EXPRESS","A Fanciful Saga of a Student And a Mad Scientist who must Battle a Hunter in An Abandoned Mine Shaft",2006,1,NULL,6,4.99,59,13.99,R,"Trailers,Commentaries,Deleted Scenes","2006-02-15 05:03:42",5,171,"2006-02-15 05:05:03",5,JOHNNY,LOLLOBRIGIDA,"2006-02-15 04:34:33"
172,"CONEHEADS SMOOCHY","A Touching Story of a Womanizer And a Composer who must Pursue a Husband in Nigeria",2006,1,NULL,7,4.99,112,12.99,NC-17,"Deleted Scenes,Behind the Scenes","2006-02-15 05:03:42",5,172,"2006-02-15 05:05:03",5,JOHNNY,LOLLOBRIGIDA,"2006-02-15 04:34:33"
202,"DADDY PITTSBURGH","A Epic Story of a A Shark And a Student who must Confront a Explorer in The Gulf of Mexico",2006,1,NULL,5,4.99,161,26.99,G,"Deleted Scenes,Behind the Scenes","2006-02-15 05:03:42",5,202,"2006-02-15 05:05:03",5,JOHNNY,LOLLOBRIGIDA,"2006-02-15 04:34:33"
203,"DAISY MENAGERIE","A Fast-Paced Saga of a Pastry Chef And a Monkey who must Sink a Composer in Ancient India",2006,1,NULL,5,4.99,84,9.99,G,"Trailers,Commentaries,Behind the Scenes","2006-02-15 05:03:42",5,203,"2006-02-15 05:05:03",5,JOHNNY,LOLLOBRIGIDA,"2006-02-15 04:34:33"
286,"ENOUGH RAGING","A Astounding Character Study of a Boat And a Secret Agent who must Find a Mad Cow in The Sahara Desert",2006,1,NULL,7,2.99,158,16.99,NC-17,Commentaries,"2006-02-15 05:03:42",5,286,"2006-02-15 05:05:03",5,JOHNNY,LOLLOBRIGIDA,"2006-02-15 04:34:33"
288,"ESCAPE METROPOLIS","A Taut Yarn of a Astronaut And a Technical Writer who must Outgun a Boat in New Orleans",2006,1,NULL,7,2.99,167,20.99,R,Trailers,"2006-02-15 05:03:42",5,288,"2006-02-15 05:05:03",5,JOHNNY,LOLLOBRIGIDA,"2006-02-15 04:34:33"
316,"FIRE WOLVES","A Intrepid Documentary of a Frisbee And a Dog who must Outrace a Lumberjack in Nigeria",2006,1,NULL,5,4.99,173,18.99,R,Trailers,"2006-02-15 05:03:42",5,316,"2006-02-15 05:05:03",5,JOHNNY,LOLLOBRIGIDA,"2006-02-15 04:34:33"
340,"FRONTIER CABIN","A Emotional Story of a Madman And a Waitress who must Battle a Teacher in An Abandoned Fun House",2006,1,NULL,6,4.99,183,14.99,PG-13,"Commentaries,Deleted Scenes","2006-02-15 05:03:42",5,340,"2006-02-15 05:05:03",5,JOHNNY,LOLLOBRIGIDA,"2006-02-15 04:34:33"
369,"GOODFELLAS SALUTE","A Unbelieveable Tale of a Dog And a Explorer who must Sink a Mad Cow in A Baloon Factory",2006,1,NULL,4,4.99,56,22.99,PG,"Deleted Scenes","2006-02-15 05:03:42",5,369,"2006-02-15 05:05:03",5,JOHNNY,LOLLOBRIGIDA,"2006-02-15 04:34:33"
375,"GRAIL FRANKENSTEIN","A Unbelieveable Saga of a Teacher And a Monkey who must Fight a Girl in An Abandoned Mine Shaft",2006,1,NULL,4,2.99,85,17.99,NC-17,"Commentaries,Deleted Scenes,Behind the Scenes","2006-02-15 05:03:42",5,375,"2006-02-15 05:05:03",5,JOHNNY,LOLLOBRIGIDA,"2006-02-15 04:34:33"
383,"GROOVE FICTION","A Unbelieveable Reflection of a Moose And a A Shark who must Defeat a Lumberjack in An Abandoned Mine Shaft",2006,1,NULL,6,0.99,111,13.99,NC-17,"Behind the Scenes","2006-02-15 05:03:42",5,383,"2006-02-15 05:05:03",5,JOHNNY,LOLLOBRIGIDA,"2006-02-15 04:34:33"
392,"HALL CASSIDY","A Beautiful Panorama of a Pastry Chef And a A Shark who must Battle a Pioneer in Soviet Georgia",2006,1,NULL,5,4.99,51,13.99,NC-17,"Commentaries,Behind the Scenes","2006-02-15 05:03:42",5,392,"2006-02-15 05:05:03",5,JOHNNY,LOLLOBRIGIDA,"2006-02-15 04:34:33"
411,"HEAVENLY GUN","A Beautiful Yarn of a Forensic Psychologist And a Frisbee who must Battle a Moose in A Jet Boat",2006,1,NULL,5,4.99,49,13.99,NC-17,"Behind the Scenes","2006-02-15 05:03:42",5,411,"2006-02-15 05:05:03",5,JOHNNY,LOLLOBRIGIDA,"2006-02-15 04:34:33"
503,"KRAMER CHOCOLATE","A Amazing Yarn of a Robot And a Pastry Chef who must Redeem a Mad Scientist in The Outback",2006,1,NULL,3,2.99,171,24.99,R,Trailers,"2006-02-15 05:03:42",5,503,"2006-02-15 05:05:03",5,JOHNNY,LOLLOBRIGIDA,"2006-02-15 04:34:33"
535,"LOVE SUICIDES","A Brilliant Panorama of a Hunter And a Explorer who must Pursue a Dentist in An Abandoned Fun House",2006,1,NULL,6,0.99,181,21.99,R,"Trailers,Behind the Scenes","2006-02-15 05:03:42",5,535,"2006-02-15 05:05:03",5,JOHNNY,LOLLOBRIGIDA,"2006-02-15 04:34:33"
571,"METAL ARMAGEDDON","A Thrilling Display of a Lumberjack And a Crocodile who must Meet a Monkey in A Baloon Factory",2006,1,NULL,6,2.99,161,26.99,PG-13,"Trailers,Commentaries,Deleted Scenes","2006-02-15 05:03:42",5,571,"2006-02-15 05:05:03",5,JOHNNY,LOLLOBRIGIDA,"2006-02-15 04:34:33"
650,"PACIFIC AMISTAD","A Thrilling Yarn of a Dog And a Moose who must Kill a Pastry Chef in A Manhattan Penthouse",2006,1,NULL,3,0.99,144,27.99,G,"Trailers,Commentaries,Deleted Scenes,Behind the Scenes","2006-02-15 05:03:42",5,650,"2006-02-15 05:05:03",5,JOHNNY,LOLLOBRIGIDA,"2006-02-15 04:34:33"
665,"PATTON INTERVIEW","A Thrilling Documentary of a Composer And a Secret Agent who must Succumb a Cat in Berlin",2006,1,NULL,4,2.99,175,22.99,PG,Commentaries,"2006-02-15 05:03:42",5,665,"2006-02-15 05:05:03",5,JOHNNY,LOLLOBRIGIDA,"2006-02-15 04:34:33"
687,"POCUS PULP","A Intrepid Yarn of a Frisbee And a Dog who must Build a Astronaut in A Baloon Factory",2006,1,NULL,6,0.99,138,15.99,NC-17,"Commentaries,Deleted Scenes,Behind the Scenes","2006-02-15 05:03:42",5,687,"2006-02-15 05:05:03",5,JOHNNY,LOLLOBRIGIDA,"2006-02-15 04:34:33"
730,"RIDGEMONT SUBMARINE","A Unbelieveable Drama of a Waitress And a Composer who must Sink a Mad Cow in Ancient Japan",2006,1,NULL,3,0.99,46,28.99,PG-13,"Commentaries,Deleted Scenes,Behind the Scenes","2006-02-15 05:03:42",5,730,"2006-02-15 05:05:03",5,JOHNNY,LOLLOBRIGIDA,"2006-02-15 04:34:33"
732,"RINGS HEARTBREAKERS","A Amazing Yarn of a Sumo Wrestler And a Boat who must Conquer a Waitress in New Orleans",2006,1,NULL,5,0.99,58,17.99,G,"Trailers,Commentaries,Behind the Scenes","2006-02-15 05:03:42",5,732,"2006-02-15 05:05:03",5,JOHNNY,LOLLOBRIGIDA,"2006-02-15 04:34:33"
811,"SMILE EARRING","A Intrepid Drama of a Teacher And a Butler who must Build a Pastry Chef in Berlin",2006,1,NULL,4,2.99,60,29.99,G,"Commentaries,Behind the Scenes","2006-02-15 05:03:42",5,811,"2006-02-15 05:05:03",5,JOHNNY,LOLLOBRIGIDA,"2006-02-15 04:34:33"
817,"SOLDIERS EVOLUTION","A Lacklusture Panorama of a A Shark And a Pioneer who must Confront a Student in The First Manned Space Station",2006,1,NULL,7,4.99,185,27.99,R,"Trailers,Commentaries,Deleted Scenes,Behind the Scenes","2006-02-15 05:03:42",5,817,"2006-02-15 05:05:03",5,JOHNNY,LOLLOBRIGIDA,"2006-02-15 04:34:33"
841,"STAR OPERATION","A Insightful Character Study of a Girl And a Car who must Pursue a Mad Cow in A Shark Tank",2006,1,NULL,5,2.99,181,9.99,PG,Commentaries,"2006-02-15 05:03:42",5,841,"2006-02-15 05:05:03",5,JOHNNY,LOLLOBRIGIDA,"2006-02-15 04:34:33"
865,"SUNRISE LEAGUE","A Beautiful Epistle of a Madman And a Butler who must Face a Crocodile in A Manhattan Penthouse",2006,1,NULL,3,4.99,135,19.99,PG-13,"Behind the Scenes","2006-02-15 05:03:42",5,865,"2006-02-15 05:05:03",5,JOHNNY,LOLLOBRIGIDA,"2006-02-15 04:34:33"
29,"ANTITRUST TOMATOES","A Fateful Yarn of a Womanizer And a Feminist who must Succumb a Database Administrator in Ancient India",2006,1,NULL,5,2.99,168,11.99,NC-17,"Trailers,Commentaries,Deleted Scenes","2006-02-15 05:03:42",6,29,"2006-02-15 05:05:03",6,BETTE,NICHOLSON,"2006-02-15 04:34:33"
53,"BANG KWAI","A Epic Drama of a Madman And a Cat who must Face a A Shark in An Abandoned Amusement Park",2006,1,NULL,5,2.99,87,25.99,NC-17,"Commentaries,Deleted Scenes,Behind the Scenes","2006-02-15 05:03:42",6,53,"2006-02-15 05:05:03",6,BETTE,NICHOLSON,"2006-02-15 04:34:33"
60,"BEAST HUNCHBACK","A Awe-Inspiring Epistle of a Student And a Squirrel who must Defeat a Boy in Ancient China",2006,1,NULL,3,4.99,89,22.99,R,"Deleted Scenes,Behind the Scenes","2006-02-15 05:03:42",6,60,"2006-02-15 05:05:03",6,BETTE,NICHOLSON,"2006-02-15 04:34:33"
70,"BIKINI BORROWERS","A Astounding Drama of a Astronaut And a Cat who must Discover a Woman in The First Manned Space Station",2006,1,NULL,7,4.99,142,26.99,NC-17,"Commentaries,Deleted Scenes","2006-02-15 05:03:42",6,70,"2006-02-15 05:05:03",6,BETTE,NICHOLSON,"2006-02-15 04:34:33"
112,"CALENDAR GUNFIGHT","A Thrilling Drama of a Frisbee And a Lumberjack who must Sink a Man in Nigeria",2006,1,NULL,4,4.99,120,22.99,NC-17,"Trailers,Commentaries,Behind the Scenes","2006-02-15 05:03:42",6,112,"2006-02-15 05:05:03",6,BETTE,NICHOLSON,"2006-02-15 04:34:33"
164,"COAST RAINBOW","A Astounding Documentary of a Mad Cow And a Pioneer who must Challenge a Butler in The Sahara Desert",2006,1,NULL,4,0.99,55,20.99,PG,"Trailers,Commentaries,Deleted Scenes,Behind the Scenes","2006-02-15 05:03:42",6,164,"2006-02-15 05:05:03",6,BETTE,NICHOLSON,"2006-02-15 04:34:33"
165,"COLDBLOODED DARLING","A Brilliant Panorama of a Dentist And a Moose who must Find a Student in The Gulf of Mexico",2006,1,NULL,7,4.99,70,27.99,G,"Trailers,Deleted Scenes","2006-02-15 05:03:42",6,165,"2006-02-15 05:05:03",6,BETTE,NICHOLSON,"2006-02-15 04:34:33"
193,"CROSSROADS CASUALTIES","A Intrepid Documentary of a Sumo Wrestler And a Astronaut who must Battle a Composer in The Outback",2006,1,NULL,5,2.99,153,20.99,G,"Trailers,Commentaries,Behind the Scenes","2006-02-15 05:03:42",6,193,"2006-02-15 05:05:03",6,BETTE,NICHOLSON,"2006-02-15 04:34:33"
256,"DROP WATERFRONT","A Fanciful Documentary of a Husband And a Explorer who must Reach a Madman in Ancient China",2006,1,NULL,6,4.99,178,20.99,R,"Trailers,Commentaries","2006-02-15 05:03:42",6,256,"2006-02-15 05:05:03",6,BETTE,NICHOLSON,"2006-02-15 04:34:33"
451,"IGBY MAKER","A Epic Documentary of a Hunter And a Dog who must Outgun a Dog in A Baloon Factory",2006,1,NULL,7,4.99,160,12.99,NC-17,"Trailers,Behind the Scenes","2006-02-15 05:03:42",6,451,"2006-02-15 05:05:03",6,BETTE,NICHOLSON,"2006-02-15 04:34:33"
503,"KRAMER CHOCOLATE","A Amazing Yarn of a Robot And a Pastry Chef who must Redeem a Mad Scientist in The Outback",2006,1,NULL,3,2.99,171,24.99,R,Trailers,"2006-02-15 05:03:42",6,503,"2006-02-15 05:05:03",6,BETTE,NICHOLSON,"2006-02-15 04:34:33"
509,"LANGUAGE COWBOY","A Epic Yarn of a Cat And a Madman who must Vanquish a Dentist in An Abandoned Amusement Park",2006,1,NULL,5,0.99,78,26.99,NC-17,"Trailers,Deleted Scenes","2006-02-15 05:03:42",6,509,"2006-02-15 05:05:03",6,BETTE,NICHOLSON,"2006-02-15 04:34:33"
517,"LESSON CLEOPATRA","A Emotional Display of a Man And a Explorer who must Build a Boy in A Manhattan Penthouse",2006,1,NULL,3,0.99,167,28.99,NC-17,"Deleted Scenes,Behind the Scenes","2006-02-15 05:03:42",6,517,"2006-02-15 05:05:03",6,BETTE,NICHOLSON,"2006-02-15 04:34:33"
519,"LIBERTY MAGNIFICENT","A Boring Drama of a Student And a Cat who must Sink a Technical Writer in A Baloon",2006,1,NULL,3,2.99,138,27.99,G,"Commentaries,Deleted Scenes,Behind the Scenes","2006-02-15 05:03:42",6,519,"2006-02-15 05:05:03",6,BETTE,NICHOLSON,"2006-02-15 04:34:33"
605,"MULHOLLAND BEAST","A Awe-Inspiring Display of a Husband And a Squirrel who must Battle a Sumo Wrestler in A Jet Boat",2006,1,NULL,7,2.99,157,13.99,PG,"Trailers,Deleted Scenes,Behind the Scenes","2006-02-15 05:03:42",6,605,"2006-02-15 05:05:03",6,BETTE,NICHOLSON,"2006-02-15 04:34:33"
692,"POTLUCK MIXED","A Beautiful Story of a Dog And a Technical Writer who must Outgun a Student in A Baloon",2006,1,NULL,3,2.99,179,10.99,G,"Behind the Scenes","2006-02-15 05:03:42",6,692,"2006-02-15 05:05:03",6,BETTE,NICHOLSON,"2006-02-15 04:34:33"
826,"SPEED SUIT","A Brilliant Display of a Frisbee And a Mad Scientist who must Succumb a Robot in Ancient China",2006,1,NULL,7,4.99,124,19.99,PG-13,"Commentaries,Behind the Scenes","2006-02-15 05:03:42",6,826,"2006-02-15 05:05:03",6,BETTE,NICHOLSON,"2006-02-15 04:34:33"
892,"TITANIC BOONDOCK","A Brilliant Reflection of a Feminist And a Dog who must Fight a Boy in A Baloon Factory",2006,1,NULL,3,4.99,104,18.99,R,"Trailers,Commentaries,Deleted Scenes,Behind the Scenes","2006-02-15 05:03:42",6,892,"2006-02-15 05:05:03",6,BETTE,NICHOLSON,"2006-02-15 04:34:33"
902,"TRADING PINOCCHIO","A Emotional Character Study of a Student And a Explorer who must Discover a Frisbee in The First Manned Space Station",2006,1,NULL,6,4.99,170,22.99,PG,"Trailers,Deleted Scenes,Behind the Scenes","2006-02-15 05:03:42",6,902,"2006-02-15 05:05:03",6,BETTE,NICHOLSON,"2006-02-15 04:34:33"
994,"WYOMING STORM","A Awe-Inspiring Panorama of a Robot And a Boat who must Overcome a Feminist in A U-Boat",2006,1,NULL,6,4.99,100,29.99,PG-13,"Deleted Scenes","2006-02-15 05:03:42",6,994,"2006-02-15 05:05:03",6,BETTE,NICHOLSON,"2006-02-15 04:34:33"
25,"ANGELS LIFE","A Thoughtful Display of a Woman And a Astronaut who must Battle a Robot in Berlin",2006,1,NULL,3,2.99,74,15.99,G,Trailers,"2006-02-15 05:03:42",7,25,"2006-02-15 05:05:03",7,GRACE,MOSTEL,"2006-02-15 04:34:33"
27,"ANONYMOUS HUMAN","A Amazing Reflection of a Database Administrator And a Astronaut who must Outrace a Database Administrator in A Shark Tank",2006,1,NULL,7,0.99,179,12.99,NC-17,"Deleted Scenes,Behind the Scenes","2006-02-15 05:03:42",7,27,"2006-02-15 05:05:03",7,GRACE,MOSTEL,"2006-02-15 04:34:33"
35,"ARACHNOPHOBIA ROLLERCOASTER","A Action-Packed Reflection of a Pastry Chef And a Composer who must Discover a Mad Scientist in The First Manned Space Station",2006,1,NULL,4,2.99,147,24.99,PG-13,"Trailers,Deleted Scenes,Behind the Scenes","2006-02-15 05:03:42",7,35,"2006-02-15 05:05:03",7,GRACE,MOSTEL,"2006-02-15 04:34:33"
67,"BERETS AGENT","A Taut Saga of a Crocodile And a Boy who must Overcome a Technical Writer in Ancient China",2006,1,NULL,5,2.99,77,24.99,PG-13,"Deleted Scenes","2006-02-15 05:03:42",7,67,"2006-02-15 05:05:03",7,GRACE,MOSTEL,"2006-02-15 04:34:33"
96,"BREAKING HOME","A Beautiful Display of a Secret Agent And a Monkey who must Battle a Sumo Wrestler in An Abandoned Mine Shaft",2006,1,NULL,4,2.99,169,21.99,PG-13,"Trailers,Commentaries","2006-02-15 05:03:42",7,96,"2006-02-15 05:05:03",7,GRACE,MOSTEL,"2006-02-15 04:34:33"
170,"COMMAND DARLING","A Awe-Inspiring Tale of a Forensic Psychologist And a Woman who must Challenge a Database Administrator in Ancient Japan",2006,1,NULL,5,4.99,120,28.99,PG-13,"Behind the Scenes","2006-02-15 05:03:42",7,170,"2006-02-15 05:05:03",7,GRACE,MOSTEL,"2006-02-15 04:34:33"
173,"CONFESSIONS MAGUIRE","A Insightful Story of a Car And a Boy who must Battle a Technical Writer in A Baloon",2006,1,NULL,7,4.99,65,25.99,PG-13,"Behind the Scenes","2006-02-15 05:03:42",7,173,"2006-02-15 05:05:03",7,GRACE,MOSTEL,"2006-02-15 04:34:33"
217,"DAZED PUNK","A Action-Packed Story of a Pioneer And a Technical Writer who must Discover a Forensic Psychologist in An Abandoned Amusement Park",2006,1,NULL,6,4.99,120,20.99,G,"Commentaries,Deleted Scenes","2006-02-15 05:03:42",7,217,"2006-02-15 05:05:03",7,GRACE,MOSTEL,"2006-02-15 04:34:33"
218,"DECEIVER BETRAYED","A Taut Story of a Moose And a Squirrel who must Build a Husband in Ancient India",2006,1,NULL,7,0.99,122,22.99,NC-17,"Trailers,Commentaries,Deleted Scenes,Behind the Scenes","2006-02-15 05:03:42",7,218,"2006-02-15 05:05:03",7,GRACE,MOSTEL,"2006-02-15 04:34:33"
225,"DESTINATION JERK","A Beautiful Yarn of a Teacher And a Cat who must Build a Car in A U-Boat",2006,1,NULL,3,0.99,76,19.99,PG-13,"Trailers,Commentaries,Behind the Scenes","2006-02-15 05:03:42",7,225,"2006-02-15 05:05:03",7,GRACE,MOSTEL,"2006-02-15 04:34:33"
292,"EXCITEMENT EVE","A Brilliant Documentary of a Monkey And a Car who must Conquer a Crocodile in A Shark Tank",2006,1,NULL,3,0.99,51,20.99,G,Commentaries,"2006-02-15 05:03:42",7,292,"2006-02-15 05:05:03",7,GRACE,MOSTEL,"2006-02-15 04:34:33"
351,"GASLIGHT CRUSADE","A Amazing Epistle of a Boy And a Astronaut who must Redeem a Man in The Gulf of Mexico",2006,1,NULL,4,2.99,106,10.99,PG,"Trailers,Deleted Scenes","2006-02-15 05:03:42",7,351,"2006-02-15 05:05:03",7,GRACE,MOSTEL,"2006-02-15 04:34:33"
414,"HELLFIGHTERS SIERRA","A Taut Reflection of a A Shark And a Dentist who must Battle a Boat in Soviet Georgia",2006,1,NULL,3,2.99,75,23.99,PG,"Deleted Scenes,Behind the Scenes","2006-02-15 05:03:42",7,414,"2006-02-15 05:05:03",7,GRACE,MOSTEL,"2006-02-15 04:34:33"
463,"INSTINCT AIRPORT","A Touching Documentary of a Mad Cow And a Explorer who must Confront a Butler in A Manhattan Penthouse",2006,1,NULL,4,2.99,116,21.99,PG,"Commentaries,Deleted Scenes","2006-02-15 05:03:42",7,463,"2006-02-15 05:05:03",7,GRACE,MOSTEL,"2006-02-15 04:34:33"
554,"MALKOVICH PET","A Intrepid Reflection of a Waitress And a A Shark who must Kill a Squirrel in The Outback",2006,1,NULL,6,2.99,159,22.99,G,"Behind the Scenes","2006-02-15 05:03:42",7,554,"2006-02-15 05:05:03",7,GRACE,MOSTEL,"2006-02-15 04:34:33"
618,"NECKLACE OUTBREAK","A Astounding Epistle of a Database Administrator And a Mad Scientist who must Pursue a Cat in California",2006,1,NULL,3,0.99,132,21.99,PG,"Trailers,Commentaries,Behind the Scenes","2006-02-15 05:03:42",7,618,"2006-02-15 05:05:03",7,GRACE,MOSTEL,"2006-02-15 04:34:33"
633,"OCTOBER SUBMARINE","A Taut Epistle of a Monkey And a Boy who must Confront a Husband in A Jet Boat",2006,1,NULL,6,4.99,54,10.99,PG-13,"Trailers,Commentaries,Behind the Scenes","2006-02-15 05:03:42",7,633,"2006-02-15 05:05:03",7,GRACE,MOSTEL,"2006-02-15 04:34:33"
637,"OPEN AFRICAN","A Lacklusture Drama of a Secret Agent And a Explorer who must Discover a Car in A U-Boat",2006,1,NULL,7,4.99,131,16.99,PG,"Trailers,Commentaries","2006-02-15 05:03:42",7,637,"2006-02-15 05:05:03",7,GRACE,MOSTEL,"2006-02-15 04:34:33"
691,"POSEIDON FOREVER","A Thoughtful Epistle of a Womanizer And a Monkey who must Vanquish a Dentist in A Monastery",2006,1,NULL,6,4.99,159,29.99,PG-13,Commentaries,"2006-02-15 05:03:42",7,691,"2006-02-15 05:05:03",7,GRACE,MOSTEL,"2006-02-15 04:34:33"
758,"SAINTS BRIDE","A Fateful Tale of a Technical Writer And a Composer who must Pursue a Explorer in The Gulf of Mexico",2006,1,NULL,5,2.99,125,11.99,G,"Deleted Scenes","2006-02-15 05:03:42",7,758,"2006-02-15 05:05:03",7,GRACE,MOSTEL,"2006-02-15 04:34:33"
766,"SAVANNAH TOWN","A Awe-Inspiring Tale of a Astronaut And a Database Administrator who must Chase a Secret Agent in The Gulf of Mexico",2006,1,NULL,5,0.99,84,25.99,PG-13,"Commentaries,Deleted Scenes,Behind the Scenes","2006-02-15 05:03:42",7,766,"2006-02-15 05:05:03",7,GRACE,MOSTEL,"2006-02-15 04:34:33"
770,"SCISSORHANDS SLUMS","A Awe-Inspiring Drama of a Girl And a Technical Writer who must Meet a Feminist in The Canadian Rockies",2006,1,NULL,5,2.99,147,13.99,G,"Commentaries,Deleted Scenes,Behind the Scenes","2006-02-15 05:03:42",7,770,"2006-02-15 05:05:03",7,GRACE,MOSTEL,"2006-02-15 04:34:33"
805,"SLEEPLESS MONSOON","A Amazing Saga of a Moose And a Pastry Chef who must Escape a Butler in Australia",2006,1,NULL,5,4.99,64,12.99,G,"Trailers,Deleted Scenes,Behind the Scenes","2006-02-15 05:03:42",7,805,"2006-02-15 05:05:03",7,GRACE,MOSTEL,"2006-02-15 04:34:33"
806,"SLEEPY JAPANESE","A Emotional Epistle of a Moose And a Composer who must Fight a Technical Writer in The Outback",2006,1,NULL,4,2.99,137,25.99,PG,"Trailers,Commentaries,Deleted Scenes","2006-02-15 05:03:42",7,806,"2006-02-15 05:05:03",7,GRACE,MOSTEL,"2006-02-15 04:34:33"
846,"STING PERSONAL","A Fanciful Drama of a Frisbee And a Dog who must Fight a Madman in A Jet Boat",2006,1,NULL,3,4.99,93,9.99,NC-17,"Commentaries,Deleted Scenes,Behind the Scenes","2006-02-15 05:03:42",7,846,"2006-02-15 05:05:03",7,GRACE,MOSTEL,"2006-02-15 04:34:33"
900,"TOWN ARK","A Awe-Inspiring Documentary of a Moose And a Madman who must Meet a Dog in An Abandoned Mine Shaft",2006,1,NULL,6,2.99,136,17.99,R,"Behind the Scenes","2006-02-15 05:03:42",7,900,"2006-02-15 05:05:03",7,GRACE,MOSTEL,"2006-02-15 04:34:33"
901,"TRACY CIDER","A Touching Reflection of a Database Administrator And a Madman who must Build a Lumberjack in Nigeria",2006,1,NULL,3,0.99,142,29.99,G,"Trailers,Commentaries,Behind the Scenes","2006-02-15 05:03:42",7,901,"2006-02-15 05:05:03",7,GRACE,MOSTEL,"2006-02-15 04:34:33"
910,"TREATMENT JEKYLL","A Boring Story of a Teacher And a Student who must Outgun a Cat in An Abandoned Mine Shaft",2006,1,NULL,3,0.99,87,19.99,PG,"Trailers,Deleted Scenes,Behind the Scenes","2006-02-15 05:03:42",7,910,"2006-02-15 05:05:03",7,GRACE,MOSTEL,"2006-02-15 04:34:33"
957,"WAR NOTTING","A Boring Drama of a Teacher And a Sumo Wrestler who must Challenge a Secret Agent in The Canadian Rockies",2006,1,NULL,7,4.99,80,26.99,G,"Deleted Scenes,Behind the Scenes","2006-02-15 05:03:42",7,957,"2006-02-15 05:05:03",7,GRACE,MOSTEL,"2006-02-15 04:34:33"
959,"WARLOCK WEREWOLF","A Astounding Yarn of a Pioneer And a Crocodile who must Defeat a A Shark in The Outback",2006,1,NULL,6,2.99,83,10.99,G,"Commentaries,Behind the Scenes","2006-02-15 05:03:42",7,959,"2006-02-15 05:05:03",7,GRACE,MOSTEL,"2006-02-15 04:34:33"
47,"BABY HALL","A Boring Character Study of a A Shark And a Girl who must Outrace a Feminist in An Abandoned Mine Shaft",2006,1,NULL,5,4.99,153,23.99,NC-17,Commentaries,"2006-02-15 05:03:42",8,47,"2006-02-15 05:05:03",8,MATTHEW,JOHANSSON,"2006-02-15 04:34:33"
115,"CAMPUS REMEMBER","A Astounding Drama of a Crocodile And a Mad Cow who must Build a Robot in A Jet Boat",2006,1,NULL,5,2.99,167,27.99,R,"Behind the Scenes","2006-02-15 05:03:42",8,115,"2006-02-15 05:05:03",8,MATTHEW,JOHANSSON,"2006-02-15 04:34:33"
158,"CLONES PINOCCHIO","A Amazing Drama of a Car And a Robot who must Pursue a Dentist in New Orleans",2006,1,NULL,6,2.99,124,16.99,R,"Behind the Scenes","2006-02-15 05:03:42",8,158,"2006-02-15 05:05:03",8,MATTHEW,JOHANSSON,"2006-02-15 04:34:33"
179,"CONQUERER NUTS","A Taut Drama of a Mad Scientist And a Man who must Escape a Pioneer in An Abandoned Mine Shaft",2006,1,NULL,4,4.99,173,14.99,G,"Commentaries,Deleted Scenes,Behind the Scenes","2006-02-15 05:03:42",8,179,"2006-02-15 05:05:03",8,MATTHEW,JOHANSSON,"2006-02-15 04:34:33"
195,"CROWDS TELEMARK","A Intrepid Documentary of a Astronaut And a Forensic Psychologist who must Find a Frisbee in An Abandoned Fun House",2006,1,NULL,3,4.99,112,16.99,R,"Trailers,Behind the Scenes","2006-02-15 05:03:42",8,195,"2006-02-15 05:05:03",8,MATTHEW,JOHANSSON,"2006-02-15 04:34:33"
205,"DANCES NONE","A Insightful Reflection of a A Shark And a Dog who must Kill a Butler in An Abandoned Amusement Park",2006,1,NULL,3,0.99,58,22.99,NC-17,"Trailers,Commentaries,Deleted Scenes,Behind the Scenes","2006-02-15 05:03:42",8,205,"2006-02-15 05:05:03",8,MATTHEW,JOHANSSON,"2006-02-15 04:34:33"
255,"DRIVING POLISH","A Action-Packed Yarn of a Feminist And a Technical Writer who must Sink a Boat in An Abandoned Mine Shaft",2006,1,NULL,6,4.99,175,21.99,NC-17,"Trailers,Deleted Scenes","2006-02-15 05:03:42",8,255,"2006-02-15 05:05:03",8,MATTHEW,JOHANSSON,"2006-02-15 04:34:33"
263,"DURHAM PANKY","A Brilliant Panorama of a Girl And a Boy who must Face a Mad Scientist in An Abandoned Mine Shaft",2006,1,NULL,6,4.99,154,14.99,R,"Trailers,Commentaries","2006-02-15 05:03:42",8,263,"2006-02-15 05:05:03",8,MATTHEW,JOHANSSON,"2006-02-15 04:34:33"
321,"FLASH WARS","A Astounding Saga of a Moose And a Pastry Chef who must Chase a Student in The Gulf of Mexico",2006,1,NULL,3,4.99,123,21.99,NC-17,"Trailers,Commentaries,Behind the Scenes","2006-02-15 05:03:42",8,321,"2006-02-15 05:05:03",8,MATTHEW,JOHANSSON,"2006-02-15 04:34:33"
396,"HANGING DEEP","A Action-Packed Yarn of a Boat And a Crocodile who must Build a Monkey in Berlin",2006,1,NULL,5,4.99,62,18.99,G,"Trailers,Commentaries,Deleted Scenes","2006-02-15 05:03:42",8,396,"2006-02-15 05:05:03",8,MATTHEW,JOHANSSON,"2006-02-15 04:34:33"
458,"INDIAN LOVE","A Insightful Saga of a Mad Scientist And a Mad Scientist who must Kill a Astronaut in An Abandoned Fun House",2006,1,NULL,4,0.99,135,26.99,NC-17,"Trailers,Commentaries,Deleted Scenes,Behind the Scenes","2006-02-15 05:03:42",8,458,"2006-02-15 05:05:03",8,MATTHEW,JOHANSSON,"2006-02-15 04:34:33"
523,"LIGHTS DEER","A Unbelieveable Epistle of a Dog And a Woman who must Confront a Moose in The Gulf of Mexico",2006,1,NULL,7,0.99,174,21.99,R,Commentaries,"2006-02-15 05:03:42",8,523,"2006-02-15 05:05:03",8,MATTHEW,JOHANSSON,"2006-02-15 04:34:33"
532,"LOSER HUSTLER","A Stunning Drama of a Robot And a Feminist who must Outgun a Butler in Nigeria",2006,1,NULL,5,4.99,80,28.99,PG,"Deleted Scenes,Behind the Scenes","2006-02-15 05:03:42",8,532,"2006-02-15 05:05:03",8,MATTHEW,JOHANSSON,"2006-02-15 04:34:33"
554,"MALKOVICH PET","A Intrepid Reflection of a Waitress And a A Shark who must Kill a Squirrel in The Outback",2006,1,NULL,6,2.99,159,22.99,G,"Behind the Scenes","2006-02-15 05:03:42",8,554,"2006-02-15 05:05:03",8,MATTHEW,JOHANSSON,"2006-02-15 04:34:33"
752,"RUNNER MADIGAN","A Thoughtful Documentary of a Crocodile And a Robot who must Outrace a Womanizer in The Outback",2006,1,NULL,6,0.99,101,27.99,NC-17,"Commentaries,Deleted Scenes,Behind the Scenes","2006-02-15 05:03:42",8,752,"2006-02-15 05:05:03",8,MATTHEW,JOHANSSON,"2006-02-15 04:34:33"
769,"SCHOOL JACKET","A Intrepid Yarn of a Monkey And a Boy who must Fight a Composer in A Manhattan Penthouse",2006,1,NULL,5,4.99,151,21.99,PG-13,Trailers,"2006-02-15 05:03:42",8,769,"2006-02-15 05:05:03",8,MATTHEW,JOHANSSON,"2006-02-15 04:34:33"
771,"SCORPION APOLLO","A Awe-Inspiring Documentary of a Technical Writer And a Husband who must Meet a Monkey in An Abandoned Fun House",2006,1,NULL,3,4.99,137,23.99,NC-17,"Commentaries,Deleted Scenes","2006-02-15 05:03:42",8,771,"2006-02-15 05:05:03",8,MATTHEW,JOHANSSON,"2006-02-15 04:34:33"
859,"SUGAR WONKA","A Touching Story of a Dentist And a Database Administrator who must Conquer a Astronaut in An Abandoned Amusement Park",2006,1,NULL,3,4.99,114,20.99,PG,"Trailers,Commentaries,Behind the Scenes","2006-02-15 05:03:42",8,859,"2006-02-15 05:05:03",8,MATTHEW,JOHANSSON,"2006-02-15 04:34:33"
895,"TOMORROW HUSTLER","A Thoughtful Story of a Moose And a Husband who must Face a Secret Agent in The Sahara Desert",2006,1,NULL,3,2.99,142,21.99,R,Commentaries,"2006-02-15 05:03:42",8,895,"2006-02-15 05:05:03",8,MATTHEW,JOHANSSON,"2006-02-15 04:34:33"
936,"VANISHING ROCKY","A Brilliant Reflection of a Man And a Woman who must Conquer a Pioneer in A MySQL Convention",2006,1,NULL,3,2.99,123,21.99,NC-17,"Trailers,Commentaries,Behind the Scenes","2006-02-15 05:03:42",8,936,"2006-02-15 05:05:03",8,MATTHEW,JOHANSSON,"2006-02-15 04:34:33"
30,"ANYTHING SAVANNAH","A Epic Story of a Pastry Chef And a Woman who must Chase a Feminist in An Abandoned Fun House",2006,1,NULL,4,2.99,82,27.99,R,"Trailers,Deleted Scenes,Behind the Scenes","2006-02-15 05:03:42",9,30,"2006-02-15 05:05:03",9,JOE,SWANK,"2006-02-15 04:34:33"
74,"BIRCH ANTITRUST","A Fanciful Panorama of a Husband And a Pioneer who must Outgun a Dog in A Baloon",2006,1,NULL,4,4.99,162,18.99,PG,"Trailers,Commentaries,Deleted Scenes","2006-02-15 05:03:42",9,74,"2006-02-15 05:05:03",9,JOE,SWANK,"2006-02-15 04:34:33"
147,"CHOCOLAT HARRY","A Action-Packed Epistle of a Dentist And a Moose who must Meet a Mad Cow in Ancient Japan",2006,1,NULL,5,0.99,101,16.99,NC-17,"Commentaries,Behind the Scenes","2006-02-15 05:03:42",9,147,"2006-02-15 05:05:03",9,JOE,SWANK,"2006-02-15 04:34:33"
148,"CHOCOLATE DUCK","A Unbelieveable Story of a Mad Scientist And a Technical Writer who must Discover a Composer in Ancient China",2006,1,NULL,3,2.99,132,13.99,R,"Trailers,Commentaries,Behind the Scenes","2006-02-15 05:03:42",9,148,"2006-02-15 05:05:03",9,JOE,SWANK,"2006-02-15 04:34:33"
191,"CROOKED FROGMEN","A Unbelieveable Drama of a Hunter And a Database Administrator who must Battle a Crocodile in An Abandoned Amusement Park",2006,1,NULL,6,0.99,143,27.99,PG-13,"Commentaries,Deleted Scenes,Behind the Scenes","2006-02-15 05:03:42",9,191,"2006-02-15 05:05:03",9,JOE,SWANK,"2006-02-15 04:34:33"
200,"CURTAIN VIDEOTAPE","A Boring Reflection of a Dentist And a Mad Cow who must Chase a Secret Agent in A Shark Tank",2006,1,NULL,7,0.99,133,27.99,PG-13,"Trailers,Commentaries,Deleted Scenes,Behind the Scenes","2006-02-15 05:03:42",9,200,"2006-02-15 05:05:03",9,JOE,SWANK,"2006-02-15 04:34:33"
204,"DALMATIONS SWEDEN","A Emotional Epistle of a Moose And a Hunter who must Overcome a Robot in A Manhattan Penthouse",2006,1,NULL,4,0.99,106,25.99,PG,"Trailers,Commentaries,Deleted Scenes","2006-02-15 05:03:42",9,204,"2006-02-15 05:05:03",9,JOE,SWANK,"2006-02-15 04:34:33"
434,"HORROR REIGN","A Touching Documentary of a A Shark And a Car who must Build a Husband in Nigeria",2006,1,NULL,3,0.99,139,25.99,R,"Deleted Scenes,Behind the Scenes","2006-02-15 05:03:42",9,434,"2006-02-15 05:05:03",9,JOE,SWANK,"2006-02-15 04:34:33"
510,"LAWLESS VISION","A Insightful Yarn of a Boy And a Sumo Wrestler who must Outgun a Car in The Outback",2006,1,NULL,6,4.99,181,29.99,G,"Deleted Scenes,Behind the Scenes","2006-02-15 05:03:42",9,510,"2006-02-15 05:05:03",9,JOE,SWANK,"2006-02-15 04:34:33"
514,"LEBOWSKI SOLDIERS","A Beautiful Epistle of a Secret Agent And a Pioneer who must Chase a Astronaut in Ancient China",2006,1,NULL,6,2.99,69,17.99,PG-13,"Commentaries,Deleted Scenes","2006-02-15 05:03:42",9,514,"2006-02-15 05:05:03",9,JOE,SWANK,"2006-02-15 04:34:33"
552,"MAJESTIC FLOATS","A Thrilling Character Study of a Moose And a Student who must Escape a Butler in The First Manned Space Station",2006,1,NULL,5,0.99,130,15.99,PG,Trailers,"2006-02-15 05:03:42",9,552,"2006-02-15 05:05:03",9,JOE,SWANK,"2006-02-15 04:34:33"
650,"PACIFIC AMISTAD","A Thrilling Yarn of a Dog And a Moose who must Kill a Pastry Chef in A Manhattan Penthouse",2006,1,NULL,3,0.99,144,27.99,G,"Trailers,Commentaries,Deleted Scenes,Behind the Scenes","2006-02-15 05:03:42",9,650,"2006-02-15 05:05:03",9,JOE,SWANK,"2006-02-15 04:34:33"
671,"PERDITION FARGO","A Fast-Paced Story of a Car And a Cat who must Outgun a Hunter in Berlin",2006,1,NULL,7,4.99,99,27.99,NC-17,"Trailers,Behind the Scenes","2006-02-15 05:03:42",9,671,"2006-02-15 05:05:03",9,JOE,SWANK,"2006-02-15 04:34:33"
697,"PRIMARY GLASS","A Fateful Documentary of a Pastry Chef And a Butler who must Build a Dog in The Canadian Rockies",2006,1,NULL,7,0.99,53,16.99,G,"Trailers,Deleted Scenes,Behind the Scenes","2006-02-15 05:03:42",9,697,"2006-02-15 05:05:03",9,JOE,SWANK,"2006-02-15 04:34:33"
722,"REEF SALUTE","A Action-Packed Saga of a Teacher And a Lumberjack who must Battle a Dentist in A Baloon",2006,1,NULL,5,0.99,123,26.99,NC-17,"Behind the Scenes","2006-02-15 05:03:42",9,722,"2006-02-15 05:05:03",9,JOE,SWANK,"2006-02-15 04:34:33"
752,"RUNNER MADIGAN","A Thoughtful Documentary of a Crocodile And a Robot who must Outrace a Womanizer in The Outback",2006,1,NULL,6,0.99,101,27.99,NC-17,"Commentaries,Deleted Scenes,Behind the Scenes","2006-02-15 05:03:42",9,752,"2006-02-15 05:05:03",9,JOE,SWANK,"2006-02-15 04:34:33"
811,"SMILE EARRING","A Intrepid Drama of a Teacher And a Butler who must Build a Pastry Chef in Berlin",2006,1,NULL,4,2.99,60,29.99,G,"Commentaries,Behind the Scenes","2006-02-15 05:03:42",9,811,"2006-02-15 05:05:03",9,JOE,SWANK,"2006-02-15 04:34:33"
815,"SNATCHERS MONTEZUMA","A Boring Epistle of a Sumo Wrestler And a Woman who must Escape a Man in The Canadian Rockies",2006,1,NULL,4,2.99,74,14.99,PG-13,Commentaries,"2006-02-15 05:03:42",9,815,"2006-02-15 05:05:03",9,JOE,SWANK,"2006-02-15 04:34:33"
865,"SUNRISE LEAGUE","A Beautiful Epistle of a Madman And a Butler who must Face a Crocodile in A Manhattan Penthouse",2006,1,NULL,3,4.99,135,19.99,PG-13,"Behind the Scenes","2006-02-15 05:03:42",9,865,"2006-02-15 05:05:03",9,JOE,SWANK,"2006-02-15 04:34:33"
873,"SWEETHEARTS SUSPECTS","A Brilliant Character Study of a Frisbee And a Sumo Wrestler who must Confront a Woman in The Gulf of Mexico",2006,1,NULL,3,0.99,108,13.99,G,"Trailers,Commentaries,Deleted Scenes,Behind the Scenes","2006-02-15 05:03:42",9,873,"2006-02-15 05:05:03",9,JOE,SWANK,"2006-02-15 04:34:33"
889,"TIES HUNGER","A Insightful Saga of a Astronaut And a Explorer who must Pursue a Mad Scientist in A U-Boat",2006,1,NULL,3,4.99,111,28.99,R,"Deleted Scenes","2006-02-15 05:03:42",9,889,"2006-02-15 05:05:03",9,JOE,SWANK,"2006-02-15 04:34:33"
903,"TRAFFIC HOBBIT","A Amazing Epistle of a Squirrel And a Lumberjack who must Succumb a Database Administrator in A U-Boat",2006,1,NULL,5,4.99,139,13.99,G,"Trailers,Commentaries","2006-02-15 05:03:42",9,903,"2006-02-15 05:05:03",9,JOE,SWANK,"2006-02-15 04:34:33"
926,"UNTOUCHABLES SUNRISE","A Amazing Documentary of a Woman And a Astronaut who must Outrace a Teacher in An Abandoned Fun House",2006,1,NULL,5,2.99,120,11.99,NC-17,"Trailers,Deleted Scenes","2006-02-15 05:03:42",9,926,"2006-02-15 05:05:03",9,JOE,SWANK,"2006-02-15 04:34:33"
964,"WATERFRONT DELIVERANCE","A Unbelieveable Documentary of a Dentist And a Technical Writer who must Build a Womanizer in Nigeria",2006,1,NULL,4,4.99,61,17.99,G,"Behind the Scenes","2006-02-15 05:03:42",9,964,"2006-02-15 05:05:03",9,JOE,SWANK,"2006-02-15 04:34:33"
974,"WILD APOLLO","A Beautiful Story of a Monkey And a Sumo Wrestler who must Conquer a A Shark in A MySQL Convention",2006,1,NULL,4,0.99,181,24.99,R,"Trailers,Commentaries,Deleted Scenes,Behind the Scenes","2006-02-15 05:03:42",9,974,"2006-02-15 05:05:03",9,JOE,SWANK,"2006-02-15 04:34:33"
1,"ACADEMY DINOSAUR","A Epic Drama of a Feminist And a Mad Scientist who must Battle a Teacher in The Canadian Rockies",2006,1,NULL,6,0.99,86,20.99,PG,"Deleted Scenes,Behind the Scenes","2006-02-15 05:03:42",10,1,"2006-02-15 05:05:03",10,CHRISTIAN,GABLE,"2006-02-15 04:34:33"
9,"ALABAMA DEVIL","A Thoughtful Panorama of a Database Administrator And a Mad Scientist who must Outgun a Mad Scientist in A Jet Boat",2006,1,NULL,3,2.99,114,21.99,PG-13,"Trailers,Deleted Scenes","2006-02-15 05:03:42",10,9,"2006-02-15 05:05:03",10,CHRISTIAN,GABLE,"2006-02-15 04:34:33"
191,"CROOKED FROGMEN","A Unbelieveable Drama of a Hunter And a Database Administrator who must Battle a Crocodile in An Abandoned Amusement Park",2006,1,NULL,6,0.99,143,27.99,PG-13,"Commentaries,Deleted Scenes,Behind the Scenes","2006-02-15 05:03:42",10,191,"2006-02-15 05:05:03",10,CHRISTIAN,GABLE,"2006-02-15 04:34:33"
236,"DIVINE RESURRECTION","A Boring Character Study of a Man And a Womanizer who must Succumb a Teacher in An Abandoned Amusement Park",2006,1,NULL,4,2.99,100,19.99,R,"Trailers,Commentaries","2006-02-15 05:03:42",10,236,"2006-02-15 05:05:03",10,CHRISTIAN,GABLE,"2006-02-15 04:34:33"
251,"DRAGONFLY STRANGERS","A Boring Documentary of a Pioneer And a Man who must Vanquish a Man in Nigeria",2006,1,NULL,6,4.99,133,19.99,NC-17,"Trailers,Behind the Scenes","2006-02-15 05:03:42",10,251,"2006-02-15 05:05:03",10,CHRISTIAN,GABLE,"2006-02-15 04:34:33"
366,"GOLDFINGER SENSIBILITY","A Insightful Drama of a Mad Scientist And a Hunter who must Defeat a Pastry Chef in New Orleans",2006,1,NULL,3,0.99,93,29.99,G,"Trailers,Commentaries,Behind the Scenes","2006-02-15 05:03:42",10,366,"2006-02-15 05:05:03",10,CHRISTIAN,GABLE,"2006-02-15 04:34:33"
477,"JAWBREAKER BROOKLYN","A Stunning Reflection of a Boat And a Pastry Chef who must Succumb a A Shark in A Jet Boat",2006,1,NULL,5,0.99,118,15.99,PG,"Trailers,Behind the Scenes","2006-02-15 05:03:42",10,477,"2006-02-15 05:05:03",10,CHRISTIAN,GABLE,"2006-02-15 04:34:33"
480,"JEEPERS WEDDING","A Astounding Display of a Composer And a Dog who must Kill a Pastry Chef in Soviet Georgia",2006,1,NULL,3,2.99,84,29.99,R,"Trailers,Commentaries,Deleted Scenes","2006-02-15 05:03:42",10,480,"2006-02-15 05:05:03",10,CHRISTIAN,GABLE,"2006-02-15 04:34:33"
522,"LIFE TWISTED","A Thrilling Reflection of a Teacher And a Composer who must Find a Man in The First Manned Space Station",2006,1,NULL,4,2.99,137,9.99,NC-17,"Commentaries,Deleted Scenes","2006-02-15 05:03:42",10,522,"2006-02-15 05:05:03",10,CHRISTIAN,GABLE,"2006-02-15 04:34:33"
530,"LORD ARIZONA","A Action-Packed Display of a Frisbee And a Pastry Chef who must Pursue a Crocodile in A Jet Boat",2006,1,NULL,5,2.99,108,27.99,PG-13,Trailers,"2006-02-15 05:03:42",10,530,"2006-02-15 05:05:03",10,CHRISTIAN,GABLE,"2006-02-15 04:34:33"
587,"MOD SECRETARY","A Boring Documentary of a Mad Cow And a Cat who must Build a Lumberjack in New Orleans",2006,1,NULL,6,4.99,77,20.99,NC-17,"Commentaries,Behind the Scenes","2006-02-15 05:03:42",10,587,"2006-02-15 05:05:03",10,CHRISTIAN,GABLE,"2006-02-15 04:34:33"
694,"PREJUDICE OLEANDER","A Epic Saga of a Boy And a Dentist who must Outrace a Madman in A U-Boat",2006,1,NULL,6,4.99,98,15.99,PG-13,"Trailers,Commentaries,Deleted Scenes","2006-02-15 05:03:42",10,694,"2006-02-15 05:05:03",10,CHRISTIAN,GABLE,"2006-02-15 04:34:33"
703,"PUNK DIVORCE","A Fast-Paced Tale of a Pastry Chef And a Boat who must Face a Frisbee in The Canadian Rockies",2006,1,NULL,6,4.99,100,18.99,PG,"Trailers,Commentaries,Deleted Scenes","2006-02-15 05:03:42",10,703,"2006-02-15 05:05:03",10,CHRISTIAN,GABLE,"2006-02-15 04:34:33"
716,"REAP UNFAITHFUL","A Thrilling Epistle of a Composer And a Sumo Wrestler who must Challenge a Mad Cow in A MySQL Convention",2006,1,NULL,6,2.99,136,26.99,PG-13,"Trailers,Commentaries","2006-02-15 05:03:42",10,716,"2006-02-15 05:05:03",10,CHRISTIAN,GABLE,"2006-02-15 04:34:33"
782,"SHAKESPEARE SADDLE","A Fast-Paced Panorama of a Lumberjack And a Database Administrator who must Defeat a Madman in A MySQL Convention",2006,1,NULL,6,2.99,60,26.99,PG-13,"Commentaries,Behind the Scenes","2006-02-15 05:03:42",10,782,"2006-02-15 05:05:03",10,CHRISTIAN,GABLE,"2006-02-15 04:34:33"
914,"TROUBLE DATE","A Lacklusture Panorama of a Forensic Psychologist And a Woman who must Kill a Explorer in Ancient Japan",2006,1,NULL,6,2.99,61,13.99,PG,"Trailers,Commentaries,Behind the Scenes","2006-02-15 05:03:42",10,914,"2006-02-15 05:05:03",10,CHRISTIAN,GABLE,"2006-02-15 04:34:33"
929,"USUAL UNTOUCHABLES","A Touching Display of a Explorer And a Lumberjack who must Fight a Forensic Psychologist in A Shark Tank",2006,1,NULL,5,4.99,128,21.99,PG-13,"Trailers,Commentaries,Behind the Scenes","2006-02-15 05:03:42",10,929,"2006-02-15 05:05:03",10,CHRISTIAN,GABLE,"2006-02-15 04:34:33"
930,"VACATION BOONDOCK","A Fanciful Character Study of a Secret Agent And a Mad Scientist who must Reach a Teacher in Australia",2006,1,NULL,4,2.99,145,23.99,R,Commentaries,"2006-02-15 05:03:42",10,930,"2006-02-15 05:05:03",10,CHRISTIAN,GABLE,"2006-02-15 04:34:33"
964,"WATERFRONT DELIVERANCE","A Unbelieveable Documentary of a Dentist And a Technical Writer who must Build a Womanizer in Nigeria",2006,1,NULL,4,4.99,61,17.99,G,"Behind the Scenes","2006-02-15 05:03:42",10,964,"2006-02-15 05:05:03",10,CHRISTIAN,GABLE,"2006-02-15 04:34:33"
966,"WEDDING APOLLO","A Action-Packed Tale of a Student And a Waitress who must Conquer a Lumberjack in An Abandoned Mine Shaft",2006,1,NULL,3,0.99,70,14.99,PG,Trailers,"2006-02-15 05:03:42",10,966,"2006-02-15 05:05:03",10,CHRISTIAN,GABLE,"2006-02-15 04:34:33"
980,"WIZARD COLDBLOODED","A Lacklusture Display of a Robot And a Girl who must Defeat a Sumo Wrestler in A MySQL Convention",2006,1,NULL,4,4.99,75,12.99,PG,"Commentaries,Deleted Scenes,Behind the Scenes","2006-02-15 05:03:42",10,980,"2006-02-15 05:05:03",10,CHRISTIAN,GABLE,"2006-02-15 04:34:33"
983,"WON DARES","A Unbelieveable Documentary of a Teacher And a Monkey who must Defeat a Explorer in A U-Boat",2006,1,NULL,7,2.99,105,18.99,PG,"Behind the Scenes","2006-02-15 05:03:42",10,983,"2006-02-15 05:05:03",10,CHRISTIAN,GABLE,"2006-02-15 04:34:33"
118,"CANYON STOCK","A Thoughtful Reflection of a Waitress And a Feminist who must Escape a Squirrel in A Manhattan Penthouse",2006,1,NULL,7,0.99,85,26.99,R,"Trailers,Deleted Scenes","2006-02-15 05:03:42",11,118,"2006-02-15 05:05:03",11,ZERO,CAGE,"2006-02-15 04:34:33"
205,"DANCES NONE","A Insightful Reflection of a A Shark And a Dog who must Kill a Butler in An Abandoned Amusement Park",2006,1,NULL,3,0.99,58,22.99,NC-17,"Trailers,Commentaries,Deleted Scenes,Behind the Scenes","2006-02-15 05:03:42",11,205,"2006-02-15 05:05:03",11,ZERO,CAGE,"2006-02-15 04:34:33"
281,"ENCINO ELF","A Astounding Drama of a Feminist And a Teacher who must Confront a Husband in A Baloon",2006,1,NULL,6,0.99,143,9.99,G,"Trailers,Behind the Scenes","2006-02-15 05:03:42",11,281,"2006-02-15 05:05:03",11,ZERO,CAGE,"2006-02-15 04:34:33"
283,"ENDING CROWDS","A Unbelieveable Display of a Dentist And a Madman who must Vanquish a Squirrel in Berlin",2006,1,NULL,6,0.99,85,10.99,NC-17,"Commentaries,Behind the Scenes","2006-02-15 05:03:42",11,283,"2006-02-15 05:05:03",11,ZERO,CAGE,"2006-02-15 04:34:33"
348,"GANDHI KWAI","A Thoughtful Display of a Mad Scientist And a Secret Agent who must Chase a Boat in Berlin",2006,1,NULL,7,0.99,86,9.99,PG-13,Trailers,"2006-02-15 05:03:42",11,348,"2006-02-15 05:05:03",11,ZERO,CAGE,"2006-02-15 04:34:33"
364,"GODFATHER DIARY","A Stunning Saga of a Lumberjack And a Squirrel who must Chase a Car in The Outback",2006,1,NULL,3,2.99,73,14.99,NC-17,Trailers,"2006-02-15 05:03:42",11,364,"2006-02-15 05:05:03",11,ZERO,CAGE,"2006-02-15 04:34:33"
395,"HANDICAP BOONDOCK","A Beautiful Display of a Pioneer And a Squirrel who must Vanquish a Sumo Wrestler in Soviet Georgia",2006,1,NULL,4,0.99,108,28.99,R,"Commentaries,Deleted Scenes,Behind the Scenes","2006-02-15 05:03:42",11,395,"2006-02-15 05:05:03",11,ZERO,CAGE,"2006-02-15 04:34:33"
429,"HONEY TIES","A Taut Story of a Waitress And a Crocodile who must Outrace a Lumberjack in A Shark Tank",2006,1,NULL,3,0.99,84,29.99,R,"Trailers,Commentaries,Deleted Scenes","2006-02-15 05:03:42",11,429,"2006-02-15 05:05:03",11,ZERO,CAGE,"2006-02-15 04:34:33"
433,"HORN WORKING","A Stunning Display of a Mad Scientist And a Technical Writer who must Succumb a Monkey in A Shark Tank",2006,1,NULL,4,2.99,95,23.99,PG,Trailers,"2006-02-15 05:03:42",11,433,"2006-02-15 05:05:03",11,ZERO,CAGE,"2006-02-15 04:34:33"
453,"IMAGE PRINCESS","A Lacklusture Panorama of a Secret Agent And a Crocodile who must Discover a Madman in The Canadian Rockies",2006,1,NULL,3,2.99,178,17.99,PG-13,"Trailers,Commentaries,Deleted Scenes","2006-02-15 05:03:42",11,453,"2006-02-15 05:05:03",11,ZERO,CAGE,"2006-02-15 04:34:33"
485,"JERSEY SASSY","A Lacklusture Documentary of a Madman And a Mad Cow who must Find a Feminist in Ancient Japan",2006,1,NULL,6,4.99,60,16.99,PG,"Deleted Scenes,Behind the Scenes","2006-02-15 05:03:42",11,485,"2006-02-15 05:05:03",11,ZERO,CAGE,"2006-02-15 04:34:33"
532,"LOSER HUSTLER","A Stunning Drama of a Robot And a Feminist who must Outgun a Butler in Nigeria",2006,1,NULL,5,4.99,80,28.99,PG,"Deleted Scenes,Behind the Scenes","2006-02-15 05:03:42",11,532,"2006-02-15 05:05:03",11,ZERO,CAGE,"2006-02-15 04:34:33"
567,"MEET CHOCOLATE","A Boring Documentary of a Dentist And a Butler who must Confront a Monkey in A MySQL Convention",2006,1,NULL,3,2.99,80,26.99,G,Trailers,"2006-02-15 05:03:42",11,567,"2006-02-15 05:05:03",11,ZERO,CAGE,"2006-02-15 04:34:33"
587,"MOD SECRETARY","A Boring Documentary of a Mad Cow And a Cat who must Build a Lumberjack in New Orleans",2006,1,NULL,6,4.99,77,20.99,NC-17,"Commentaries,Behind the Scenes","2006-02-15 05:03:42",11,587,"2006-02-15 05:05:03",11,ZERO,CAGE,"2006-02-15 04:34:33"
597,"MOONWALKER FOOL","A Epic Drama of a Feminist And a Pioneer who must Sink a Composer in New Orleans",2006,1,NULL,5,4.99,184,12.99,G,"Trailers,Deleted Scenes","2006-02-15 05:03:42",11,597,"2006-02-15 05:05:03",11,ZERO,CAGE,"2006-02-15 04:34:33"
636,"OLEANDER CLUE","A Boring Story of a Teacher And a Monkey who must Succumb a Forensic Psychologist in A Jet Boat",2006,1,NULL,5,0.99,161,12.99,PG,"Commentaries,Deleted Scenes","2006-02-15 05:03:42",11,636,"2006-02-15 05:05:03",11,ZERO,CAGE,"2006-02-15 04:34:33"
709,"RACER EGG","A Emotional Display of a Monkey And a Waitress who must Reach a Secret Agent in California",2006,1,NULL,7,2.99,147,19.99,NC-17,"Trailers,Commentaries,Deleted Scenes","2006-02-15 05:03:42",11,709,"2006-02-15 05:05:03",11,ZERO,CAGE,"2006-02-15 04:34:33"
850,"STORY SIDE","A Lacklusture Saga of a Boy And a Cat who must Sink a Dentist in An Abandoned Mine Shaft",2006,1,NULL,7,0.99,163,27.99,R,"Trailers,Behind the Scenes","2006-02-15 05:03:42",11,850,"2006-02-15 05:05:03",11,ZERO,CAGE,"2006-02-15 04:34:33"
854,"STRANGERS GRAFFITI","A Brilliant Character Study of a Secret Agent And a Man who must Find a Cat in The Gulf of Mexico",2006,1,NULL,4,4.99,119,22.99,R,"Trailers,Behind the Scenes","2006-02-15 05:03:42",11,854,"2006-02-15 05:05:03",11,ZERO,CAGE,"2006-02-15 04:34:33"
888,"THIN SAGEBRUSH","A Emotional Drama of a Husband And a Lumberjack who must Build a Cat in Ancient India",2006,1,NULL,5,4.99,53,9.99,PG-13,"Behind the Scenes","2006-02-15 05:03:42",11,888,"2006-02-15 05:05:03",11,ZERO,CAGE,"2006-02-15 04:34:33"
896,"TOOTSIE PILOT","A Awe-Inspiring Documentary of a Womanizer And a Pastry Chef who must Kill a Lumberjack in Berlin",2006,1,NULL,3,0.99,157,10.99,PG,"Commentaries,Deleted Scenes,Behind the Scenes","2006-02-15 05:03:42",11,896,"2006-02-15 05:05:03",11,ZERO,CAGE,"2006-02-15 04:34:33"
928,"UPTOWN YOUNG","A Fateful Documentary of a Dog And a Hunter who must Pursue a Teacher in An Abandoned Amusement Park",2006,1,NULL,5,2.99,84,16.99,PG,Commentaries,"2006-02-15 05:03:42",11,928,"2006-02-15 05:05:03",11,ZERO,CAGE,"2006-02-15 04:34:33"
938,"VELVET TERMINATOR","A Lacklusture Tale of a Pastry Chef And a Technical Writer who must Confront a Crocodile in An Abandoned Amusement Park",2006,1,NULL,3,4.99,173,14.99,R,"Behind the Scenes","2006-02-15 05:03:42",11,938,"2006-02-15 05:05:03",11,ZERO,CAGE,"2006-02-15 04:34:33"
969,"WEST LION","A Intrepid Drama of a Butler And a Lumberjack who must Challenge a Database Administrator in A Manhattan Penthouse",2006,1,NULL,4,4.99,159,29.99,G,Trailers,"2006-02-15 05:03:42",11,969,"2006-02-15 05:05:03",11,ZERO,CAGE,"2006-02-15 04:34:33"
988,"WORKER TARZAN","A Action-Packed Yarn of a Secret Agent And a Technical Writer who must Battle a Sumo Wrestler in The First Manned Space Station",2006,1,NULL,7,2.99,139,26.99,R,"Trailers,Commentaries,Behind the Scenes","2006-02-15 05:03:42",11,988,"2006-02-15 05:05:03",11,ZERO,CAGE,"2006-02-15 04:34:33"
16,"ALLEY EVOLUTION","A Fast-Paced Drama of a Robot And a Composer who must Battle a Astronaut in New Orleans",2006,1,NULL,6,2.99,180,23.99,NC-17,"Trailers,Commentaries","2006-02-15 05:03:42",12,16,"2006-02-15 05:05:03",12,KARL,BERRY,"2006-02-15 04:34:33"
17,"ALONE TRIP","A Fast-Paced Character Study of a Composer And a Dog who must Outgun a Boat in An Abandoned Fun House",2006,1,NULL,3,0.99,82,14.99,R,"Trailers,Behind the Scenes","2006-02-15 05:03:42",12,17,"2006-02-15 05:05:03",12,KARL,BERRY,"2006-02-15 04:34:33"
34,"ARABIA DOGMA","A Touching Epistle of a Madman And a Mad Cow who must Defeat a Student in Nigeria",2006,1,NULL,6,0.99,62,29.99,NC-17,"Commentaries,Deleted Scenes","2006-02-15 05:03:42",12,34,"2006-02-15 05:05:03",12,KARL,BERRY,"2006-02-15 04:34:33"
37,"ARIZONA BANG","A Brilliant Panorama of a Mad Scientist And a Mad Cow who must Meet a Pioneer in A Monastery",2006,1,NULL,3,2.99,121,28.99,PG,"Trailers,Deleted Scenes","2006-02-15 05:03:42",12,37,"2006-02-15 05:05:03",12,KARL,BERRY,"2006-02-15 04:34:33"
91,"BOUND CHEAPER","A Thrilling Panorama of a Database Administrator And a Astronaut who must Challenge a Lumberjack in A Baloon",2006,1,NULL,5,0.99,98,17.99,PG,"Behind the Scenes","2006-02-15 05:03:42",12,91,"2006-02-15 05:05:03",12,KARL,BERRY,"2006-02-15 04:34:33"
92,"BOWFINGER GABLES","A Fast-Paced Yarn of a Waitress And a Composer who must Outgun a Dentist in California",2006,1,NULL,7,4.99,72,19.99,NC-17,"Trailers,Deleted Scenes","2006-02-15 05:03:42",12,92,"2006-02-15 05:05:03",12,KARL,BERRY,"2006-02-15 04:34:33"
107,"BUNCH MINDS","A Emotional Story of a Feminist And a Feminist who must Escape a Pastry Chef in A MySQL Convention",2006,1,NULL,4,2.99,63,13.99,G,"Behind the Scenes","2006-02-15 05:03:42",12,107,"2006-02-15 05:05:03",12,KARL,BERRY,"2006-02-15 04:34:33"
155,"CLEOPATRA DEVIL","A Fanciful Documentary of a Crocodile And a Technical Writer who must Fight a A Shark in A Baloon",2006,1,NULL,6,0.99,150,26.99,PG-13,"Trailers,Deleted Scenes,Behind the Scenes","2006-02-15 05:03:42",12,155,"2006-02-15 05:05:03",12,KARL,BERRY,"2006-02-15 04:34:33"
177,"CONNECTICUT TRAMP","A Unbelieveable Drama of a Crocodile And a Mad Cow who must Reach a Dentist in A Shark Tank",2006,1,NULL,4,4.99,172,20.99,R,"Commentaries,Deleted Scenes","2006-02-15 05:03:42",12,177,"2006-02-15 05:05:03",12,KARL,BERRY,"2006-02-15 04:34:33"
208,"DARES PLUTO","A Fateful Story of a Robot And a Dentist who must Defeat a Astronaut in New Orleans",2006,1,NULL,7,2.99,89,16.99,PG-13,"Commentaries,Behind the Scenes","2006-02-15 05:03:42",12,208,"2006-02-15 05:05:03",12,KARL,BERRY,"2006-02-15 04:34:33"
213,"DATE SPEED","A Touching Saga of a Composer And a Moose who must Discover a Dentist in A MySQL Convention",2006,1,NULL,4,0.99,104,19.99,R,Commentaries,"2006-02-15 05:03:42",12,213,"2006-02-15 05:05:03",12,KARL,BERRY,"2006-02-15 04:34:33"
216,"DAY UNFAITHFUL","A Stunning Documentary of a Composer And a Mad Scientist who must Find a Technical Writer in A U-Boat",2006,1,NULL,3,4.99,113,16.99,G,"Trailers,Commentaries,Deleted Scenes,Behind the Scenes","2006-02-15 05:03:42",12,216,"2006-02-15 05:05:03",12,KARL,BERRY,"2006-02-15 04:34:33"
243,"DOORS PRESIDENT","A Awe-Inspiring Display of a Squirrel And a Woman who must Overcome a Boy in The Gulf of Mexico",2006,1,NULL,3,4.99,49,22.99,NC-17,"Trailers,Commentaries,Deleted Scenes,Behind the Scenes","2006-02-15 05:03:42",12,243,"2006-02-15 05:05:03",12,KARL,BERRY,"2006-02-15 04:34:33"
344,"FURY MURDER","A Lacklusture Reflection of a Boat And a Forensic Psychologist who must Fight a Waitress in A Monastery",2006,1,NULL,3,0.99,178,28.99,PG-13,"Deleted Scenes","2006-02-15 05:03:42",12,344,"2006-02-15 05:05:03",12,KARL,BERRY,"2006-02-15 04:34:33"
400,"HARDLY ROBBERS","A Emotional Character Study of a Hunter And a Car who must Kill a Woman in Berlin",2006,1,NULL,7,2.99,72,15.99,R,"Trailers,Behind the Scenes","2006-02-15 05:03:42",12,400,"2006-02-15 05:05:03",12,KARL,BERRY,"2006-02-15 04:34:33"
416,"HIGHBALL POTTER","A Action-Packed Saga of a Husband And a Dog who must Redeem a Database Administrator in The Sahara Desert",2006,1,NULL,6,0.99,110,10.99,R,"Deleted Scenes","2006-02-15 05:03:42",12,416,"2006-02-15 05:05:03",12,KARL,BERRY,"2006-02-15 04:34:33"
420,"HOLES BRANNIGAN","A Fast-Paced Reflection of a Technical Writer And a Student who must Fight a Boy in The Canadian Rockies",2006,1,NULL,7,4.99,128,27.99,PG,"Commentaries,Behind the Scenes","2006-02-15 05:03:42",12,420,"2006-02-15 05:05:03",12,KARL,BERRY,"2006-02-15 04:34:33"
457,"INDEPENDENCE HOTEL","A Thrilling Tale of a Technical Writer And a Boy who must Face a Pioneer in A Monastery",2006,1,NULL,5,0.99,157,21.99,NC-17,"Trailers,Behind the Scenes","2006-02-15 05:03:42",12,457,"2006-02-15 05:05:03",12,KARL,BERRY,"2006-02-15 04:34:33"
513,"LEATHERNECKS DWARFS","A Fateful Reflection of a Dog And a Mad Cow who must Outrace a Teacher in An Abandoned Mine Shaft",2006,1,NULL,6,2.99,153,21.99,PG-13,"Trailers,Commentaries,Behind the Scenes","2006-02-15 05:03:42",12,513,"2006-02-15 05:05:03",12,KARL,BERRY,"2006-02-15 04:34:33"
540,"LUCKY FLYING","A Lacklusture Character Study of a A Shark And a Man who must Find a Forensic Psychologist in A U-Boat",2006,1,NULL,7,2.99,97,10.99,PG-13,"Trailers,Commentaries,Behind the Scenes","2006-02-15 05:03:42",12,540,"2006-02-15 05:05:03",12,KARL,BERRY,"2006-02-15 04:34:33"
593,"MONTEREY LABYRINTH","A Awe-Inspiring Drama of a Monkey And a Composer who must Escape a Feminist in A U-Boat",2006,1,NULL,6,0.99,158,13.99,G,"Trailers,Commentaries","2006-02-15 05:03:42",12,593,"2006-02-15 05:05:03",12,KARL,BERRY,"2006-02-15 04:34:33"
631,"NOVOCAINE FLIGHT","A Fanciful Display of a Student And a Teacher who must Outgun a Crocodile in Nigeria",2006,1,NULL,4,0.99,64,11.99,G,"Trailers,Commentaries,Deleted Scenes","2006-02-15 05:03:42",12,631,"2006-02-15 05:05:03",12,KARL,BERRY,"2006-02-15 04:34:33"
635,"OKLAHOMA JUMANJI","A Thoughtful Drama of a Dentist And a Womanizer who must Meet a Husband in The Sahara Desert",2006,1,NULL,7,0.99,58,15.99,PG,"Behind the Scenes","2006-02-15 05:03:42",12,635,"2006-02-15 05:05:03",12,KARL,BERRY,"2006-02-15 04:34:33"
672,"PERFECT GROOVE","A Thrilling Yarn of a Dog And a Dog who must Build a Husband in A Baloon",2006,1,NULL,7,2.99,82,17.99,PG-13,"Commentaries,Deleted Scenes,Behind the Scenes","2006-02-15 05:03:42",12,672,"2006-02-15 05:05:03",12,KARL,BERRY,"2006-02-15 04:34:33"
716,"REAP UNFAITHFUL","A Thrilling Epistle of a Composer And a Sumo Wrestler who must Challenge a Mad Cow in A MySQL Convention",2006,1,NULL,6,2.99,136,26.99,PG-13,"Trailers,Commentaries","2006-02-15 05:03:42",12,716,"2006-02-15 05:05:03",12,KARL,BERRY,"2006-02-15 04:34:33"
728,"REUNION WITCHES","A Unbelieveable Documentary of a Database Administrator And a Frisbee who must Redeem a Mad Scientist in A Baloon Factory",2006,1,NULL,3,0.99,63,26.99,R,Commentaries,"2006-02-15 05:03:42",12,728,"2006-02-15 05:05:03",12,KARL,BERRY,"2006-02-15 04:34:33"
812,"SMOKING BARBARELLA","A Lacklusture Saga of a Mad Cow And a Mad Scientist who must Sink a Cat in A MySQL Convention",2006,1,NULL,7,0.99,50,13.99,PG-13,"Behind the Scenes","2006-02-15 05:03:42",12,812,"2006-02-15 05:05:03",12,KARL,BERRY,"2006-02-15 04:34:33"
838,"STAGECOACH ARMAGEDDON","A Touching Display of a Pioneer And a Butler who must Chase a Car in California",2006,1,NULL,5,4.99,112,25.99,R,"Trailers,Deleted Scenes","2006-02-15 05:03:42",12,838,"2006-02-15 05:05:03",12,KARL,BERRY,"2006-02-15 04:34:33"
871,"SWEDEN SHINING","A Taut Documentary of a Car And a Robot who must Conquer a Boy in The Canadian Rockies",2006,1,NULL,6,4.99,176,19.99,PG,"Deleted Scenes,Behind the Scenes","2006-02-15 05:03:42",12,871,"2006-02-15 05:05:03",12,KARL,BERRY,"2006-02-15 04:34:33"
880,"TELEMARK HEARTBREAKERS","A Action-Packed Panorama of a Technical Writer And a Man who must Build a Forensic Psychologist in A Manhattan Penthouse",2006,1,NULL,6,2.99,152,9.99,PG-13,"Trailers,Commentaries,Deleted Scenes,Behind the Scenes","2006-02-15 05:03:42",12,880,"2006-02-15 05:05:03",12,KARL,BERRY,"2006-02-15 04:34:33"
945,"VIRGINIAN PLUTO","A Emotional Panorama of a Dentist And a Crocodile who must Meet a Boy in Berlin",2006,1,NULL,5,0.99,164,22.99,R,"Deleted Scenes","2006-02-15 05:03:42",12,945,"2006-02-15 05:05:03",12,KARL,BERRY,"2006-02-15 04:34:33"
17,"ALONE TRIP","A Fast-Paced Character Study of a Composer And a Dog who must Outgun a Boat in An Abandoned Fun House",2006,1,NULL,3,0.99,82,14.99,R,"Trailers,Behind the Scenes","2006-02-15 05:03:42",13,17,"2006-02-15 05:05:03",13,UMA,WOOD,"2006-02-15 04:34:33"
29,"ANTITRUST TOMATOES","A Fateful Yarn of a Womanizer And a Feminist who must Succumb a Database Administrator in Ancient India",2006,1,NULL,5,2.99,168,11.99,NC-17,"Trailers,Commentaries,Deleted Scenes","2006-02-15 05:03:42",13,29,"2006-02-15 05:05:03",13,UMA,WOOD,"2006-02-15 04:34:33"
45,"ATTRACTION NEWTON","A Astounding Panorama of a Composer And a Frisbee who must Reach a Husband in Ancient Japan",2006,1,NULL,5,4.99,83,14.99,PG-13,"Trailers,Behind the Scenes","2006-02-15 05:03:42",13,45,"2006-02-15 05:05:03",13,UMA,WOOD,"2006-02-15 04:34:33"
87,"BOONDOCK BALLROOM","A Fateful Panorama of a Crocodile And a Boy who must Defeat a Monkey in The Gulf of Mexico",2006,1,NULL,7,0.99,76,14.99,NC-17,"Behind the Scenes","2006-02-15 05:03:42",13,87,"2006-02-15 05:05:03",13,UMA,WOOD,"2006-02-15 04:34:33"
110,"CABIN FLASH","A Stunning Epistle of a Boat And a Man who must Challenge a A Shark in A Baloon Factory",2006,1,NULL,4,0.99,53,25.99,NC-17,"Commentaries,Deleted Scenes","2006-02-15 05:03:42",13,110,"2006-02-15 05:05:03",13,UMA,WOOD,"2006-02-15 04:34:33"
144,"CHINATOWN GLADIATOR","A Brilliant Panorama of a Technical Writer And a Lumberjack who must Escape a Butler in Ancient India",2006,1,NULL,7,4.99,61,24.99,PG,"Trailers,Commentaries,Deleted Scenes","2006-02-15 05:03:42",13,144,"2006-02-15 05:05:03",13,UMA,WOOD,"2006-02-15 04:34:33"
154,"CLASH FREDDY","A Amazing Yarn of a Composer And a Squirrel who must Escape a Astronaut in Australia",2006,1,NULL,6,2.99,81,12.99,G,"Commentaries,Deleted Scenes","2006-02-15 05:03:42",13,154,"2006-02-15 05:05:03",13,UMA,WOOD,"2006-02-15 04:34:33"
162,"CLUELESS BUCKET","A Taut Tale of a Car And a Pioneer who must Conquer a Sumo Wrestler in An Abandoned Fun House",2006,1,NULL,4,2.99,95,13.99,R,"Trailers,Deleted Scenes,Behind the Scenes","2006-02-15 05:03:42",13,162,"2006-02-15 05:05:03",13,UMA,WOOD,"2006-02-15 04:34:33"
203,"DAISY MENAGERIE","A Fast-Paced Saga of a Pastry Chef And a Monkey who must Sink a Composer in Ancient India",2006,1,NULL,5,4.99,84,9.99,G,"Trailers,Commentaries,Behind the Scenes","2006-02-15 05:03:42",13,203,"2006-02-15 05:05:03",13,UMA,WOOD,"2006-02-15 04:34:33"
254,"DRIVER ANNIE","A Lacklusture Character Study of a Butler And a Car who must Redeem a Boat in An Abandoned Fun House",2006,1,NULL,4,2.99,159,11.99,PG-13,"Trailers,Deleted Scenes,Behind the Scenes","2006-02-15 05:03:42",13,254,"2006-02-15 05:05:03",13,UMA,WOOD,"2006-02-15 04:34:33"
337,"FRIDA SLIPPER","A Fateful Story of a Lumberjack And a Car who must Escape a Boat in An Abandoned Mine Shaft",2006,1,NULL,6,2.99,73,11.99,R,"Trailers,Deleted Scenes","2006-02-15 05:03:42",13,337,"2006-02-15 05:05:03",13,UMA,WOOD,"2006-02-15 04:34:33"
346,"GALAXY SWEETHEARTS","A Emotional Reflection of a Womanizer And a Pioneer who must Face a Squirrel in Berlin",2006,1,NULL,4,4.99,128,13.99,R,"Deleted Scenes","2006-02-15 05:03:42",13,346,"2006-02-15 05:05:03",13,UMA,WOOD,"2006-02-15 04:34:33"
381,"GRINCH MASSAGE","A Intrepid Display of a Madman And a Feminist who must Pursue a Pioneer in The First Manned Space Station",2006,1,NULL,7,4.99,150,25.99,R,Trailers,"2006-02-15 05:03:42",13,381,"2006-02-15 05:05:03",13,UMA,WOOD,"2006-02-15 04:34:33"
385,"GROUNDHOG UNCUT","A Brilliant Panorama of a Astronaut And a Technical Writer who must Discover a Butler in A Manhattan Penthouse",2006,1,NULL,6,4.99,139,26.99,PG-13,"Trailers,Commentaries,Deleted Scenes,Behind the Scenes","2006-02-15 05:03:42",13,385,"2006-02-15 05:05:03",13,UMA,WOOD,"2006-02-15 04:34:33"
427,"HOMEWARD CIDER","A Taut Reflection of a Astronaut And a Squirrel who must Fight a Squirrel in A Manhattan Penthouse",2006,1,NULL,5,0.99,103,19.99,R,Trailers,"2006-02-15 05:03:42",13,427,"2006-02-15 05:05:03",13,UMA,WOOD,"2006-02-15 04:34:33"
456,"INCH JET","A Fateful Saga of a Womanizer And a Student who must Defeat a Butler in A Monastery",2006,1,NULL,6,4.99,167,18.99,NC-17,"Deleted Scenes","2006-02-15 05:03:42",13,456,"2006-02-15 05:05:03",13,UMA,WOOD,"2006-02-15 04:34:33"
513,"LEATHERNECKS DWARFS","A Fateful Reflection of a Dog And a Mad Cow who must Outrace a Teacher in An Abandoned Mine Shaft",2006,1,NULL,6,2.99,153,21.99,PG-13,"Trailers,Commentaries,Behind the Scenes","2006-02-15 05:03:42",13,513,"2006-02-15 05:05:03",13,UMA,WOOD,"2006-02-15 04:34:33"
515,"LEGALLY SECRETARY","A Astounding Tale of a A Shark And a Moose who must Meet a Womanizer in The Sahara Desert",2006,1,NULL,7,4.99,113,14.99,PG,"Trailers,Commentaries,Behind the Scenes","2006-02-15 05:03:42",13,515,"2006-02-15 05:05:03",13,UMA,WOOD,"2006-02-15 04:34:33"
522,"LIFE TWISTED","A Thrilling Reflection of a Teacher And a Composer who must Find a Man in The First Manned Space Station",2006,1,NULL,4,2.99,137,9.99,NC-17,"Commentaries,Deleted Scenes","2006-02-15 05:03:42",13,522,"2006-02-15 05:05:03",13,UMA,WOOD,"2006-02-15 04:34:33"
524,"LION UNCUT","A Intrepid Display of a Pastry Chef And a Cat who must Kill a A Shark in Ancient China",2006,1,NULL,6,0.99,50,13.99,PG,"Trailers,Deleted Scenes","2006-02-15 05:03:42",13,524,"2006-02-15 05:05:03",13,UMA,WOOD,"2006-02-15 04:34:33"
528,"LOLITA WORLD","A Thrilling Drama of a Girl And a Robot who must Redeem a Waitress in An Abandoned Mine Shaft",2006,1,NULL,4,2.99,155,25.99,NC-17,"Trailers,Deleted Scenes","2006-02-15 05:03:42",13,528,"2006-02-15 05:05:03",13,UMA,WOOD,"2006-02-15 04:34:33"
571,"METAL ARMAGEDDON","A Thrilling Display of a Lumberjack And a Crocodile who must Meet a Monkey in A Baloon Factory",2006,1,NULL,6,2.99,161,26.99,PG-13,"Trailers,Commentaries,Deleted Scenes","2006-02-15 05:03:42",13,571,"2006-02-15 05:05:03",13,UMA,WOOD,"2006-02-15 04:34:33"
588,"MODEL FISH","A Beautiful Panorama of a Boat And a Crocodile who must Outrace a Dog in Australia",2006,1,NULL,4,4.99,175,11.99,NC-17,"Trailers,Commentaries,Behind the Scenes","2006-02-15 05:03:42",13,588,"2006-02-15 05:05:03",13,UMA,WOOD,"2006-02-15 04:34:33"
597,"MOONWALKER FOOL","A Epic Drama of a Feminist And a Pioneer who must Sink a Composer in New Orleans",2006,1,NULL,5,4.99,184,12.99,G,"Trailers,Deleted Scenes","2006-02-15 05:03:42",13,597,"2006-02-15 05:05:03",13,UMA,WOOD,"2006-02-15 04:34:33"
600,"MOTIONS DETAILS","A Awe-Inspiring Reflection of a Dog And a Student who must Kill a Car in An Abandoned Fun House",2006,1,NULL,5,0.99,166,16.99,PG,"Trailers,Commentaries,Behind the Scenes","2006-02-15 05:03:42",13,600,"2006-02-15 05:05:03",13,UMA,WOOD,"2006-02-15 04:34:33"
718,"REBEL AIRPORT","A Intrepid Yarn of a Database Administrator And a Boat who must Outrace a Husband in Ancient India",2006,1,NULL,7,0.99,73,24.99,G,"Trailers,Behind the Scenes","2006-02-15 05:03:42",13,718,"2006-02-15 05:05:03",13,UMA,WOOD,"2006-02-15 04:34:33"
729,"RIDER CADDYSHACK","A Taut Reflection of a Monkey And a Womanizer who must Chase a Moose in Nigeria",2006,1,NULL,5,2.99,177,28.99,PG,"Commentaries,Behind the Scenes","2006-02-15 05:03:42",13,729,"2006-02-15 05:05:03",13,UMA,WOOD,"2006-02-15 04:34:33"
816,"SNOWMAN ROLLERCOASTER","A Fateful Display of a Lumberjack And a Girl who must Succumb a Mad Cow in A Manhattan Penthouse",2006,1,NULL,3,0.99,62,27.99,G,Trailers,"2006-02-15 05:03:42",13,816,"2006-02-15 05:05:03",13,UMA,WOOD,"2006-02-15 04:34:33"
817,"SOLDIERS EVOLUTION","A Lacklusture Panorama of a A Shark And a Pioneer who must Confront a Student in The First Manned Space Station",2006,1,NULL,7,4.99,185,27.99,R,"Trailers,Commentaries,Deleted Scenes,Behind the Scenes","2006-02-15 05:03:42",13,817,"2006-02-15 05:05:03",13,UMA,WOOD,"2006-02-15 04:34:33"
832,"SPLASH GUMP","A Taut Saga of a Crocodile And a Boat who must Conquer a Hunter in A Shark Tank",2006,1,NULL,5,0.99,175,16.99,PG,"Trailers,Commentaries,Deleted Scenes,Behind the Scenes","2006-02-15 05:03:42",13,832,"2006-02-15 05:05:03",13,UMA,WOOD,"2006-02-15 04:34:33"
833,"SPLENDOR PATTON","A Taut Story of a Dog And a Explorer who must Find a Astronaut in Berlin",2006,1,NULL,5,0.99,134,20.99,R,"Trailers,Commentaries,Deleted Scenes,Behind the Scenes","2006-02-15 05:03:42",13,833,"2006-02-15 05:05:03",13,UMA,WOOD,"2006-02-15 04:34:33"
843,"STEEL SANTA","A Fast-Paced Yarn of a Composer And a Frisbee who must Face a Moose in Nigeria",2006,1,NULL,4,4.99,143,15.99,NC-17,"Commentaries,Deleted Scenes","2006-02-15 05:03:42",13,843,"2006-02-15 05:05:03",13,UMA,WOOD,"2006-02-15 04:34:33"
897,"TORQUE BOUND","A Emotional Display of a Crocodile And a Husband who must Reach a Man in Ancient Japan",2006,1,NULL,3,4.99,179,27.99,G,"Trailers,Commentaries","2006-02-15 05:03:42",13,897,"2006-02-15 05:05:03",13,UMA,WOOD,"2006-02-15 04:34:33"
966,"WEDDING APOLLO","A Action-Packed Tale of a Student And a Waitress who must Conquer a Lumberjack in An Abandoned Mine Shaft",2006,1,NULL,3,0.99,70,14.99,PG,Trailers,"2006-02-15 05:03:42",13,966,"2006-02-15 05:05:03",13,UMA,WOOD,"2006-02-15 04:34:33"
998,"ZHIVAGO CORE","A Fateful Yarn of a Composer And a Man who must Face a Boy in The Canadian Rockies",2006,1,NULL,6,0.99,105,10.99,NC-17,"Deleted Scenes","2006-02-15 05:03:42",13,998,"2006-02-15 05:05:03",13,UMA,WOOD,"2006-02-15 04:34:33"
154,"CLASH FREDDY","A Amazing Yarn of a Composer And a Squirrel who must Escape a Astronaut in Australia",2006,1,NULL,6,2.99,81,12.99,G,"Commentaries,Deleted Scenes","2006-02-15 05:03:42",14,154,"2006-02-15 05:05:03",14,VIVIEN,BERGEN,"2006-02-15 04:34:33"
187,"CRANES RESERVOIR","A Fanciful Documentary of a Teacher And a Dog who must Outgun a Forensic Psychologist in A Baloon Factory",2006,1,NULL,5,2.99,57,12.99,NC-17,Commentaries,"2006-02-15 05:03:42",14,187,"2006-02-15 05:05:03",14,VIVIEN,BERGEN,"2006-02-15 04:34:33"
232,"DIRTY ACE","A Action-Packed Character Study of a Forensic Psychologist And a Girl who must Build a Dentist in The Outback",2006,1,NULL,7,2.99,147,29.99,NC-17,"Commentaries,Deleted Scenes,Behind the Scenes","2006-02-15 05:03:42",14,232,"2006-02-15 05:05:03",14,VIVIEN,BERGEN,"2006-02-15 04:34:33"
241,"DONNIE ALLEY","A Awe-Inspiring Tale of a Butler And a Frisbee who must Vanquish a Teacher in Ancient Japan",2006,1,NULL,4,0.99,125,20.99,NC-17,"Trailers,Commentaries,Behind the Scenes","2006-02-15 05:03:42",14,241,"2006-02-15 05:05:03",14,VIVIEN,BERGEN,"2006-02-15 04:34:33"
253,"DRIFTER COMMANDMENTS","A Epic Reflection of a Womanizer And a Squirrel who must Discover a Husband in A Jet Boat",2006,1,NULL,5,4.99,61,18.99,PG-13,"Trailers,Behind the Scenes","2006-02-15 05:03:42",14,253,"2006-02-15 05:05:03",14,VIVIEN,BERGEN,"2006-02-15 04:34:33"
255,"DRIVING POLISH","A Action-Packed Yarn of a Feminist And a Technical Writer who must Sink a Boat in An Abandoned Mine Shaft",2006,1,NULL,6,4.99,175,21.99,NC-17,"Trailers,Deleted Scenes","2006-02-15 05:03:42",14,255,"2006-02-15 05:05:03",14,VIVIEN,BERGEN,"2006-02-15 04:34:33"
258,"DRUMS DYNAMITE","A Epic Display of a Crocodile And a Crocodile who must Confront a Dog in An Abandoned Amusement Park",2006,1,NULL,6,0.99,96,11.99,PG,Trailers,"2006-02-15 05:03:42",14,258,"2006-02-15 05:05:03",14,VIVIEN,BERGEN,"2006-02-15 04:34:33"
284,"ENEMY ODDS","A Fanciful Panorama of a Mad Scientist And a Woman who must Pursue a Astronaut in Ancient India",2006,1,NULL,5,4.99,77,23.99,NC-17,Trailers,"2006-02-15 05:03:42",14,284,"2006-02-15 05:05:03",14,VIVIEN,BERGEN,"2006-02-15 04:34:33"
292,"EXCITEMENT EVE","A Brilliant Documentary of a Monkey And a Car who must Conquer a Crocodile in A Shark Tank",2006,1,NULL,3,0.99,51,20.99,G,Commentaries,"2006-02-15 05:03:42",14,292,"2006-02-15 05:05:03",14,VIVIEN,BERGEN,"2006-02-15 04:34:33"
370,"GORGEOUS BINGO","A Action-Packed Display of a Sumo Wrestler And a Car who must Overcome a Waitress in A Baloon Factory",2006,1,NULL,4,2.99,108,26.99,R,"Deleted Scenes,Behind the Scenes","2006-02-15 05:03:42",14,370,"2006-02-15 05:05:03",14,VIVIEN,BERGEN,"2006-02-15 04:34:33"
415,"HIGH ENCINO","A Fateful Saga of a Waitress And a Hunter who must Outrace a Sumo Wrestler in Australia",2006,1,NULL,3,2.99,84,23.99,R,"Trailers,Commentaries,Behind the Scenes","2006-02-15 05:03:42",14,415,"2006-02-15 05:05:03",14,VIVIEN,BERGEN,"2006-02-15 04:34:33"
417,"HILLS NEIGHBORS","A Epic Display of a Hunter And a Feminist who must Sink a Car in A U-Boat",2006,1,NULL,5,0.99,93,29.99,G,"Trailers,Commentaries,Deleted Scenes,Behind the Scenes","2006-02-15 05:03:42",14,417,"2006-02-15 05:05:03",14,VIVIEN,BERGEN,"2006-02-15 04:34:33"
418,"HOBBIT ALIEN","A Emotional Drama of a Husband And a Girl who must Outgun a Composer in The First Manned Space Station",2006,1,NULL,5,0.99,157,27.99,PG-13,Commentaries,"2006-02-15 05:03:42",14,418,"2006-02-15 05:05:03",14,VIVIEN,BERGEN,"2006-02-15 04:34:33"
454,"IMPACT ALADDIN","A Epic Character Study of a Frisbee And a Moose who must Outgun a Technical Writer in A Shark Tank",2006,1,NULL,6,0.99,180,20.99,PG-13,"Trailers,Deleted Scenes","2006-02-15 05:03:42",14,454,"2006-02-15 05:05:03",14,VIVIEN,BERGEN,"2006-02-15 04:34:33"
472,"ITALIAN AFRICAN","A Astounding Character Study of a Monkey And a Moose who must Outgun a Cat in A U-Boat",2006,1,NULL,3,4.99,174,24.99,G,"Trailers,Commentaries,Deleted Scenes","2006-02-15 05:03:42",14,472,"2006-02-15 05:05:03",14,VIVIEN,BERGEN,"2006-02-15 04:34:33"
475,"JAPANESE RUN","A Awe-Inspiring Epistle of a Feminist And a Girl who must Sink a Girl in The Outback",2006,1,NULL,6,0.99,135,29.99,G,"Deleted Scenes","2006-02-15 05:03:42",14,475,"2006-02-15 05:05:03",14,VIVIEN,BERGEN,"2006-02-15 04:34:33"
495,"KENTUCKIAN GIANT","A Stunning Yarn of a Woman And a Frisbee who must Escape a Waitress in A U-Boat",2006,1,NULL,5,2.99,169,10.99,PG,"Trailers,Commentaries,Deleted Scenes,Behind the Scenes","2006-02-15 05:03:42",14,495,"2006-02-15 05:05:03",14,VIVIEN,BERGEN,"2006-02-15 04:34:33"
536,"LOVELY JINGLE","A Fanciful Yarn of a Crocodile And a Forensic Psychologist who must Discover a Crocodile in The Outback",2006,1,NULL,3,2.99,65,18.99,PG,"Trailers,Behind the Scenes","2006-02-15 05:03:42",14,536,"2006-02-15 05:05:03",14,VIVIEN,BERGEN,"2006-02-15 04:34:33"
537,"LOVER TRUMAN","A Emotional Yarn of a Robot And a Boy who must Outgun a Technical Writer in A U-Boat",2006,1,NULL,3,2.99,75,29.99,G,Trailers,"2006-02-15 05:03:42",14,537,"2006-02-15 05:05:03",14,VIVIEN,BERGEN,"2006-02-15 04:34:33"
612,"MUSSOLINI SPOILERS","A Thrilling Display of a Boat And a Monkey who must Meet a Composer in Ancient China",2006,1,NULL,6,2.99,180,10.99,G,"Deleted Scenes,Behind the Scenes","2006-02-15 05:03:42",14,612,"2006-02-15 05:05:03",14,VIVIEN,BERGEN,"2006-02-15 04:34:33"
688,"POLISH BROOKLYN","A Boring Character Study of a Database Administrator And a Lumberjack who must Reach a Madman in The Outback",2006,1,NULL,6,0.99,61,12.99,PG,"Trailers,Commentaries,Deleted Scenes,Behind the Scenes","2006-02-15 05:03:42",14,688,"2006-02-15 05:05:03",14,VIVIEN,BERGEN,"2006-02-15 04:34:33"
759,"SALUTE APOLLO","A Awe-Inspiring Character Study of a Boy And a Feminist who must Sink a Crocodile in Ancient China",2006,1,NULL,4,2.99,73,29.99,R,"Trailers,Commentaries,Deleted Scenes,Behind the Scenes","2006-02-15 05:03:42",14,759,"2006-02-15 05:05:03",14,VIVIEN,BERGEN,"2006-02-15 04:34:33"
764,"SATURDAY LAMBS","A Thoughtful Reflection of a Mad Scientist And a Moose who must Kill a Husband in A Baloon",2006,1,NULL,3,4.99,150,28.99,G,"Commentaries,Deleted Scenes","2006-02-15 05:03:42",14,764,"2006-02-15 05:05:03",14,VIVIEN,BERGEN,"2006-02-15 04:34:33"
847,"STOCK GLASS","A Boring Epistle of a Crocodile And a Lumberjack who must Outgun a Moose in Ancient China",2006,1,NULL,7,2.99,160,10.99,PG,Commentaries,"2006-02-15 05:03:42",14,847,"2006-02-15 05:05:03",14,VIVIEN,BERGEN,"2006-02-15 04:34:33"
856,"STREETCAR INTENTIONS","A Insightful Character Study of a Waitress And a Crocodile who must Sink a Waitress in The Gulf of Mexico",2006,1,NULL,5,4.99,73,11.99,R,Commentaries,"2006-02-15 05:03:42",14,856,"2006-02-15 05:05:03",14,VIVIEN,BERGEN,"2006-02-15 04:34:33"
890,"TIGHTS DAWN","A Thrilling Epistle of a Boat And a Secret Agent who must Face a Boy in A Baloon",2006,1,NULL,5,0.99,172,14.99,R,"Trailers,Behind the Scenes","2006-02-15 05:03:42",14,890,"2006-02-15 05:05:03",14,VIVIEN,BERGEN,"2006-02-15 04:34:33"
908,"TRAP GUYS","A Unbelieveable Story of a Boy And a Mad Cow who must Challenge a Database Administrator in The Sahara Desert",2006,1,NULL,3,4.99,110,11.99,G,"Commentaries,Behind the Scenes","2006-02-15 05:03:42",14,908,"2006-02-15 05:05:03",14,VIVIEN,BERGEN,"2006-02-15 04:34:33"
919,"TYCOON GATHERING","A Emotional Display of a Husband And a A Shark who must Succumb a Madman in A Manhattan Penthouse",2006,1,NULL,3,4.99,82,17.99,G,"Trailers,Commentaries,Deleted Scenes","2006-02-15 05:03:42",14,919,"2006-02-15 05:05:03",14,VIVIEN,BERGEN,"2006-02-15 04:34:33"
948,"VOICE PEACH","A Amazing Panorama of a Pioneer And a Student who must Overcome a Mad Scientist in A Manhattan Penthouse",2006,1,NULL,6,0.99,139,22.99,PG-13,"Commentaries,Behind the Scenes","2006-02-15 05:03:42",14,948,"2006-02-15 05:05:03",14,VIVIEN,BERGEN,"2006-02-15 04:34:33"
970,"WESTWARD SEABISCUIT","A Lacklusture Tale of a Butler And a Husband who must Face a Boy in Ancient China",2006,1,NULL,7,0.99,52,11.99,NC-17,"Commentaries,Deleted Scenes","2006-02-15 05:03:42",14,970,"2006-02-15 05:05:03",14,VIVIEN,BERGEN,"2006-02-15 04:34:33"
31,"APACHE DIVINE","A Awe-Inspiring Reflection of a Pastry Chef And a Teacher who must Overcome a Sumo Wrestler in A U-Boat",2006,1,NULL,5,4.99,92,16.99,NC-17,"Commentaries,Deleted Scenes,Behind the Scenes","2006-02-15 05:03:42",15,31,"2006-02-15 05:05:03",15,CUBA,OLIVIER,"2006-02-15 04:34:33"
89,"BORROWERS BEDAZZLED","A Brilliant Epistle of a Teacher And a Sumo Wrestler who must Defeat a Man in An Abandoned Fun House",2006,1,NULL,7,0.99,63,22.99,G,"Commentaries,Deleted Scenes,Behind the Scenes","2006-02-15 05:03:42",15,89,"2006-02-15 05:05:03",15,CUBA,OLIVIER,"2006-02-15 04:34:33"
91,"BOUND CHEAPER","A Thrilling Panorama of a Database Administrator And a Astronaut who must Challenge a Lumberjack in A Baloon",2006,1,NULL,5,0.99,98,17.99,PG,"Behind the Scenes","2006-02-15 05:03:42",15,91,"2006-02-15 05:05:03",15,CUBA,OLIVIER,"2006-02-15 04:34:33"
108,"BUTCH PANTHER","A Lacklusture Yarn of a Feminist And a Database Administrator who must Face a Hunter in New Orleans",2006,1,NULL,6,0.99,67,19.99,PG-13,"Trailers,Commentaries,Deleted Scenes","2006-02-15 05:03:42",15,108,"2006-02-15 05:05:03",15,CUBA,OLIVIER,"2006-02-15 04:34:33"
125,"CASSIDY WYOMING","A Intrepid Drama of a Frisbee And a Hunter who must Kill a Secret Agent in New Orleans",2006,1,NULL,5,2.99,61,19.99,NC-17,"Commentaries,Behind the Scenes","2006-02-15 05:03:42",15,125,"2006-02-15 05:05:03",15,CUBA,OLIVIER,"2006-02-15 04:34:33"
236,"DIVINE RESURRECTION","A Boring Character Study of a Man And a Womanizer who must Succumb a Teacher in An Abandoned Amusement Park",2006,1,NULL,4,2.99,100,19.99,R,"Trailers,Commentaries","2006-02-15 05:03:42",15,236,"2006-02-15 05:05:03",15,CUBA,OLIVIER,"2006-02-15 04:34:33"
275,"EGYPT TENENBAUMS","A Intrepid Story of a Madman And a Secret Agent who must Outrace a Astronaut in An Abandoned Amusement Park",2006,1,NULL,3,0.99,85,11.99,PG,"Commentaries,Deleted Scenes,Behind the Scenes","2006-02-15 05:03:42",15,275,"2006-02-15 05:05:03",15,CUBA,OLIVIER,"2006-02-15 04:34:33"
280,"EMPIRE MALKOVICH","A Amazing Story of a Feminist And a Cat who must Face a Car in An Abandoned Fun House",2006,1,NULL,7,0.99,177,26.99,G,"Deleted Scenes","2006-02-15 05:03:42",15,280,"2006-02-15 05:05:03",15,CUBA,OLIVIER,"2006-02-15 04:34:33"
326,"FLYING HOOK","A Thrilling Display of a Mad Cow And a Dog who must Challenge a Frisbee in Nigeria",2006,1,NULL,6,2.99,69,18.99,NC-17,"Trailers,Commentaries,Behind the Scenes","2006-02-15 05:03:42",15,326,"2006-02-15 05:05:03",15,CUBA,OLIVIER,"2006-02-15 04:34:33"
342,"FUGITIVE MAGUIRE","A Taut Epistle of a Feminist And a Sumo Wrestler who must Battle a Crocodile in Australia",2006,1,NULL,7,4.99,83,28.99,R,"Trailers,Commentaries,Deleted Scenes","2006-02-15 05:03:42",15,342,"2006-02-15 05:05:03",15,CUBA,OLIVIER,"2006-02-15 04:34:33"
414,"HELLFIGHTERS SIERRA","A Taut Reflection of a A Shark And a Dentist who must Battle a Boat in Soviet Georgia",2006,1,NULL,3,2.99,75,23.99,PG,"Deleted Scenes,Behind the Scenes","2006-02-15 05:03:42",15,414,"2006-02-15 05:05:03",15,CUBA,OLIVIER,"2006-02-15 04:34:33"
445,"HYDE DOCTOR","A Fanciful Documentary of a Boy And a Woman who must Redeem a Womanizer in A Jet Boat",2006,1,NULL,5,2.99,100,11.99,G,"Trailers,Deleted Scenes","2006-02-15 05:03:42",15,445,"2006-02-15 05:05:03",15,CUBA,OLIVIER,"2006-02-15 04:34:33"
500,"KISS GLORY","A Lacklusture Reflection of a Girl And a Husband who must Find a Robot in The Canadian Rockies",2006,1,NULL,5,4.99,163,11.99,PG-13,"Trailers,Commentaries,Behind the Scenes","2006-02-15 05:03:42",15,500,"2006-02-15 05:05:03",15,CUBA,OLIVIER,"2006-02-15 04:34:33"
502,"KNOCK WARLOCK","A Unbelieveable Story of a Teacher And a Boat who must Confront a Moose in A Baloon",2006,1,NULL,4,2.99,71,21.99,PG-13,Trailers,"2006-02-15 05:03:42",15,502,"2006-02-15 05:05:03",15,CUBA,OLIVIER,"2006-02-15 04:34:33"
541,"LUKE MUMMY","A Taut Character Study of a Boy And a Robot who must Redeem a Mad Scientist in Ancient India",2006,1,NULL,5,2.99,74,21.99,NC-17,"Trailers,Behind the Scenes","2006-02-15 05:03:42",15,541,"2006-02-15 05:05:03",15,CUBA,OLIVIER,"2006-02-15 04:34:33"
553,"MAKER GABLES","A Stunning Display of a Moose And a Database Administrator who must Pursue a Composer in A Jet Boat",2006,1,NULL,4,0.99,136,12.99,PG-13,"Deleted Scenes,Behind the Scenes","2006-02-15 05:03:42",15,553,"2006-02-15 05:05:03",15,CUBA,OLIVIER,"2006-02-15 04:34:33"
594,"MONTEZUMA COMMAND","A Thrilling Reflection of a Waitress And a Butler who must Battle a Butler in A Jet Boat",2006,1,NULL,6,0.99,126,22.99,NC-17,Trailers,"2006-02-15 05:03:42",15,594,"2006-02-15 05:05:03",15,CUBA,OLIVIER,"2006-02-15 04:34:33"
626,"NOON PAPI","A Unbelieveable Character Study of a Mad Scientist And a Astronaut who must Find a Pioneer in A Manhattan Penthouse",2006,1,NULL,5,2.99,57,12.99,G,"Behind the Scenes","2006-02-15 05:03:42",15,626,"2006-02-15 05:05:03",15,CUBA,OLIVIER,"2006-02-15 04:34:33"
635,"OKLAHOMA JUMANJI","A Thoughtful Drama of a Dentist And a Womanizer who must Meet a Husband in The Sahara Desert",2006,1,NULL,7,0.99,58,15.99,PG,"Behind the Scenes","2006-02-15 05:03:42",15,635,"2006-02-15 05:05:03",15,CUBA,OLIVIER,"2006-02-15 04:34:33"
745,"ROSES TREASURE","A Astounding Panorama of a Monkey And a Secret Agent who must Defeat a Woman in The First Manned Space Station",2006,1,NULL,5,4.99,162,23.99,PG-13,"Commentaries,Deleted Scenes,Behind the Scenes","2006-02-15 05:03:42",15,745,"2006-02-15 05:05:03",15,CUBA,OLIVIER,"2006-02-15 04:34:33"
783,"SHANE DARKNESS","A Action-Packed Saga of a Moose And a Lumberjack who must Find a Woman in Berlin",2006,1,NULL,5,2.99,93,22.99,PG,"Commentaries,Deleted Scenes","2006-02-15 05:03:42",15,783,"2006-02-15 05:05:03",15,CUBA,OLIVIER,"2006-02-15 04:34:33"
795,"SIEGE MADRE","A Boring Tale of a Frisbee And a Crocodile who must Vanquish a Moose in An Abandoned Mine Shaft",2006,1,NULL,7,0.99,111,23.99,R,"Trailers,Deleted Scenes","2006-02-15 05:03:42",15,795,"2006-02-15 05:05:03",15,CUBA,OLIVIER,"2006-02-15 04:34:33"
817,"SOLDIERS EVOLUTION","A Lacklusture Panorama of a A Shark And a Pioneer who must Confront a Student in The First Manned Space Station",2006,1,NULL,7,4.99,185,27.99,R,"Trailers,Commentaries,Deleted Scenes,Behind the Scenes","2006-02-15 05:03:42",15,817,"2006-02-15 05:05:03",15,CUBA,OLIVIER,"2006-02-15 04:34:33"
886,"THEORY MERMAID","A Fateful Yarn of a Composer And a Monkey who must Vanquish a Womanizer in The First Manned Space Station",2006,1,NULL,5,0.99,184,9.99,PG-13,"Deleted Scenes,Behind the Scenes","2006-02-15 05:03:42",15,886,"2006-02-15 05:05:03",15,CUBA,OLIVIER,"2006-02-15 04:34:33"
924,"UNFORGIVEN ZOOLANDER","A Taut Epistle of a Monkey And a Sumo Wrestler who must Vanquish a A Shark in A Baloon Factory",2006,1,NULL,7,0.99,129,15.99,PG,"Trailers,Commentaries,Behind the Scenes","2006-02-15 05:03:42",15,924,"2006-02-15 05:05:03",15,CUBA,OLIVIER,"2006-02-15 04:34:33"
949,"VOLCANO TEXAS","A Awe-Inspiring Yarn of a Hunter And a Feminist who must Challenge a Dentist in The Outback",2006,1,NULL,6,0.99,157,27.99,NC-17,"Trailers,Commentaries,Deleted Scenes,Behind the Scenes","2006-02-15 05:03:42",15,949,"2006-02-15 05:05:03",15,CUBA,OLIVIER,"2006-02-15 04:34:33"
968,"WEREWOLF LOLA","A Fanciful Story of a Man And a Sumo Wrestler who must Outrace a Student in A Monastery",2006,1,NULL,6,4.99,79,19.99,G,"Trailers,Behind the Scenes","2006-02-15 05:03:42",15,968,"2006-02-15 05:05:03",15,CUBA,OLIVIER,"2006-02-15 04:34:33"
985,"WONDERLAND CHRISTMAS","A Awe-Inspiring Character Study of a Waitress And a Car who must Pursue a Mad Scientist in The First Manned Space Station",2006,1,NULL,4,4.99,111,19.99,PG,Commentaries,"2006-02-15 05:03:42",15,985,"2006-02-15 05:05:03",15,CUBA,OLIVIER,"2006-02-15 04:34:33"
80,"BLANKET BEVERLY","A Emotional Documentary of a Student And a Girl who must Build a Boat in Nigeria",2006,1,NULL,7,2.99,148,21.99,G,Trailers,"2006-02-15 05:03:42",16,80,"2006-02-15 05:05:03",16,FRED,COSTNER,"2006-02-15 04:34:33"
87,"BOONDOCK BALLROOM","A Fateful Panorama of a Crocodile And a Boy who must Defeat a Monkey in The Gulf of Mexico",2006,1,NULL,7,0.99,76,14.99,NC-17,"Behind the Scenes","2006-02-15 05:03:42",16,87,"2006-02-15 05:05:03",16,FRED,COSTNER,"2006-02-15 04:34:33"
101,"BROTHERHOOD BLANKET","A Fateful Character Study of a Butler And a Technical Writer who must Sink a Astronaut in Ancient Japan",2006,1,NULL,3,0.99,73,26.99,R,"Behind the Scenes","2006-02-15 05:03:42",16,101,"2006-02-15 05:05:03",16,FRED,COSTNER,"2006-02-15 04:34:33"
121,"CAROL TEXAS","A Astounding Character Study of a Composer And a Student who must Overcome a Composer in A Monastery",2006,1,NULL,4,2.99,151,15.99,PG,"Trailers,Behind the Scenes","2006-02-15 05:03:42",16,121,"2006-02-15 05:05:03",16,FRED,COSTNER,"2006-02-15 04:34:33"
155,"CLEOPATRA DEVIL","A Fanciful Documentary of a Crocodile And a Technical Writer who must Fight a A Shark in A Baloon",2006,1,NULL,6,0.99,150,26.99,PG-13,"Trailers,Deleted Scenes,Behind the Scenes","2006-02-15 05:03:42",16,155,"2006-02-15 05:05:03",16,FRED,COSTNER,"2006-02-15 04:34:33"
177,"CONNECTICUT TRAMP","A Unbelieveable Drama of a Crocodile And a Mad Cow who must Reach a Dentist in A Shark Tank",2006,1,NULL,4,4.99,172,20.99,R,"Commentaries,Deleted Scenes","2006-02-15 05:03:42",16,177,"2006-02-15 05:05:03",16,FRED,COSTNER,"2006-02-15 04:34:33"
218,"DECEIVER BETRAYED","A Taut Story of a Moose And a Squirrel who must Build a Husband in Ancient India",2006,1,NULL,7,0.99,122,22.99,NC-17,"Trailers,Commentaries,Deleted Scenes,Behind the Scenes","2006-02-15 05:03:42",16,218,"2006-02-15 05:05:03",16,FRED,COSTNER,"2006-02-15 04:34:33"
221,"DELIVERANCE MULHOLLAND","A Astounding Saga of a Monkey And a Moose who must Conquer a Butler in A Shark Tank",2006,1,NULL,4,0.99,100,9.99,R,"Deleted Scenes","2006-02-15 05:03:42",16,221,"2006-02-15 05:05:03",16,FRED,COSTNER,"2006-02-15 04:34:33"
267,"EAGLES PANKY","A Thoughtful Story of a Car And a Boy who must Find a A Shark in The Sahara Desert",2006,1,NULL,4,4.99,140,14.99,NC-17,"Trailers,Commentaries,Behind the Scenes","2006-02-15 05:03:42",16,267,"2006-02-15 05:05:03",16,FRED,COSTNER,"2006-02-15 04:34:33"
269,"EARRING INSTINCT","A Stunning Character Study of a Dentist And a Mad Cow who must Find a Teacher in Nigeria",2006,1,NULL,3,0.99,98,22.99,R,"Behind the Scenes","2006-02-15 05:03:42",16,269,"2006-02-15 05:05:03",16,FRED,COSTNER,"2006-02-15 04:34:33"
271,"EASY GLADIATOR","A Fateful Story of a Monkey And a Girl who must Overcome a Pastry Chef in Ancient India",2006,1,NULL,5,4.99,148,12.99,G,"Trailers,Commentaries,Behind the Scenes","2006-02-15 05:03:42",16,271,"2006-02-15 05:05:03",16,FRED,COSTNER,"2006-02-15 04:34:33"
280,"EMPIRE MALKOVICH","A Amazing Story of a Feminist And a Cat who must Face a Car in An Abandoned Fun House",2006,1,NULL,7,0.99,177,26.99,G,"Deleted Scenes","2006-02-15 05:03:42",16,280,"2006-02-15 05:05:03",16,FRED,COSTNER,"2006-02-15 04:34:33"
287,"ENTRAPMENT SATISFACTION","A Thoughtful Panorama of a Hunter And a Teacher who must Reach a Mad Cow in A U-Boat",2006,1,NULL,5,0.99,176,19.99,R,"Commentaries,Deleted Scenes,Behind the Scenes","2006-02-15 05:03:42",16,287,"2006-02-15 05:05:03",16,FRED,COSTNER,"2006-02-15 04:34:33"
345,"GABLES METROPOLIS","A Fateful Display of a Cat And a Pioneer who must Challenge a Pastry Chef in A Baloon Factory",2006,1,NULL,3,0.99,161,17.99,PG,"Trailers,Commentaries","2006-02-15 05:03:42",16,345,"2006-02-15 05:05:03",16,FRED,COSTNER,"2006-02-15 04:34:33"
438,"HUMAN GRAFFITI","A Beautiful Reflection of a Womanizer And a Sumo Wrestler who must Chase a Database Administrator in The Gulf of Mexico",2006,1,NULL,3,2.99,68,22.99,NC-17,"Trailers,Behind the Scenes","2006-02-15 05:03:42",16,438,"2006-02-15 05:05:03",16,FRED,COSTNER,"2006-02-15 04:34:33"
453,"IMAGE PRINCESS","A Lacklusture Panorama of a Secret Agent And a Crocodile who must Discover a Madman in The Canadian Rockies",2006,1,NULL,3,2.99,178,17.99,PG-13,"Trailers,Commentaries,Deleted Scenes","2006-02-15 05:03:42",16,453,"2006-02-15 05:05:03",16,FRED,COSTNER,"2006-02-15 04:34:33"
455,"IMPOSSIBLE PREJUDICE","A Awe-Inspiring Yarn of a Monkey And a Hunter who must Chase a Teacher in Ancient China",2006,1,NULL,7,4.99,103,11.99,NC-17,"Deleted Scenes","2006-02-15 05:03:42",16,455,"2006-02-15 05:05:03",16,FRED,COSTNER,"2006-02-15 04:34:33"
456,"INCH JET","A Fateful Saga of a Womanizer And a Student who must Defeat a Butler in A Monastery",2006,1,NULL,6,4.99,167,18.99,NC-17,"Deleted Scenes","2006-02-15 05:03:42",16,456,"2006-02-15 05:05:03",16,FRED,COSTNER,"2006-02-15 04:34:33"
503,"KRAMER CHOCOLATE","A Amazing Yarn of a Robot And a Pastry Chef who must Redeem a Mad Scientist in The Outback",2006,1,NULL,3,2.99,171,24.99,R,Trailers,"2006-02-15 05:03:42",16,503,"2006-02-15 05:05:03",16,FRED,COSTNER,"2006-02-15 04:34:33"
548,"MAGNIFICENT CHITTY","A Insightful Story of a Teacher And a Hunter who must Face a Mad Cow in California",2006,1,NULL,3,2.99,53,27.99,R,"Commentaries,Deleted Scenes","2006-02-15 05:03:42",16,548,"2006-02-15 05:05:03",16,FRED,COSTNER,"2006-02-15 04:34:33"
582,"MIRACLE VIRTUAL","A Touching Epistle of a Butler And a Boy who must Find a Mad Scientist in The Sahara Desert",2006,1,NULL,3,2.99,162,19.99,PG-13,"Trailers,Deleted Scenes","2006-02-15 05:03:42",16,582,"2006-02-15 05:05:03",16,FRED,COSTNER,"2006-02-15 04:34:33"
583,"MISSION ZOOLANDER","A Intrepid Story of a Sumo Wrestler And a Teacher who must Meet a A Shark in An Abandoned Fun House",2006,1,NULL,3,4.99,164,26.99,PG-13,"Behind the Scenes","2006-02-15 05:03:42",16,583,"2006-02-15 05:05:03",16,FRED,COSTNER,"2006-02-15 04:34:33"
717,"REAR TRADING","A Awe-Inspiring Reflection of a Forensic Psychologist And a Secret Agent who must Succumb a Pastry Chef in Soviet Georgia",2006,1,NULL,6,0.99,97,23.99,NC-17,"Trailers,Commentaries,Deleted Scenes","2006-02-15 05:03:42",16,717,"2006-02-15 05:05:03",16,FRED,COSTNER,"2006-02-15 04:34:33"
758,"SAINTS BRIDE","A Fateful Tale of a Technical Writer And a Composer who must Pursue a Explorer in The Gulf of Mexico",2006,1,NULL,5,2.99,125,11.99,G,"Deleted Scenes","2006-02-15 05:03:42",16,758,"2006-02-15 05:05:03",16,FRED,COSTNER,"2006-02-15 04:34:33"
779,"SENSE GREEK","A Taut Saga of a Lumberjack And a Pastry Chef who must Escape a Sumo Wrestler in An Abandoned Fun House",2006,1,NULL,4,4.99,54,23.99,R,"Deleted Scenes,Behind the Scenes","2006-02-15 05:03:42",16,779,"2006-02-15 05:05:03",16,FRED,COSTNER,"2006-02-15 04:34:33"
886,"THEORY MERMAID","A Fateful Yarn of a Composer And a Monkey who must Vanquish a Womanizer in The First Manned Space Station",2006,1,NULL,5,0.99,184,9.99,PG-13,"Deleted Scenes,Behind the Scenes","2006-02-15 05:03:42",16,886,"2006-02-15 05:05:03",16,FRED,COSTNER,"2006-02-15 04:34:33"
967,"WEEKEND PERSONAL","A Fast-Paced Documentary of a Car And a Butler who must Find a Frisbee in A Jet Boat",2006,1,NULL,5,2.99,134,26.99,R,"Trailers,Commentaries,Deleted Scenes,Behind the Scenes","2006-02-15 05:03:42",16,967,"2006-02-15 05:05:03",16,FRED,COSTNER,"2006-02-15 04:34:33"
96,"BREAKING HOME","A Beautiful Display of a Secret Agent And a Monkey who must Battle a Sumo Wrestler in An Abandoned Mine Shaft",2006,1,NULL,4,2.99,169,21.99,PG-13,"Trailers,Commentaries","2006-02-15 05:03:42",17,96,"2006-02-15 05:05:03",17,HELEN,VOIGHT,"2006-02-15 04:34:33"
119,"CAPER MOTIONS","A Fateful Saga of a Moose And a Car who must Pursue a Woman in A MySQL Convention",2006,1,NULL,6,0.99,176,22.99,G,"Trailers,Commentaries,Deleted Scenes","2006-02-15 05:03:42",17,119,"2006-02-15 05:05:03",17,HELEN,VOIGHT,"2006-02-15 04:34:33"
124,"CASPER DRAGONFLY","A Intrepid Documentary of a Boat And a Crocodile who must Chase a Robot in The Sahara Desert",2006,1,NULL,3,4.99,163,16.99,PG-13,Trailers,"2006-02-15 05:03:42",17,124,"2006-02-15 05:05:03",17,HELEN,VOIGHT,"2006-02-15 04:34:33"
127,"CAT CONEHEADS","A Fast-Paced Panorama of a Girl And a A Shark who must Confront a Boy in Ancient India",2006,1,NULL,5,4.99,112,14.99,G,"Commentaries,Deleted Scenes","2006-02-15 05:03:42",17,127,"2006-02-15 05:05:03",17,HELEN,VOIGHT,"2006-02-15 04:34:33"
154,"CLASH FREDDY","A Amazing Yarn of a Composer And a Squirrel who must Escape a Astronaut in Australia",2006,1,NULL,6,2.99,81,12.99,G,"Commentaries,Deleted Scenes","2006-02-15 05:03:42",17,154,"2006-02-15 05:05:03",17,HELEN,VOIGHT,"2006-02-15 04:34:33"
199,"CUPBOARD SINNERS","A Emotional Reflection of a Frisbee And a Boat who must Reach a Pastry Chef in An Abandoned Amusement Park",2006,1,NULL,4,2.99,56,29.99,R,"Behind the Scenes","2006-02-15 05:03:42",17,199,"2006-02-15 05:05:03",17,HELEN,VOIGHT,"2006-02-15 04:34:33"
201,"CYCLONE FAMILY","A Lacklusture Drama of a Student And a Monkey who must Sink a Womanizer in A MySQL Convention",2006,1,NULL,7,2.99,176,18.99,PG,"Trailers,Deleted Scenes","2006-02-15 05:03:42",17,201,"2006-02-15 05:05:03",17,HELEN,VOIGHT,"2006-02-15 04:34:33"
236,"DIVINE RESURRECTION","A Boring Character Study of a Man And a Womanizer who must Succumb a Teacher in An Abandoned Amusement Park",2006,1,NULL,4,2.99,100,19.99,R,"Trailers,Commentaries","2006-02-15 05:03:42",17,236,"2006-02-15 05:05:03",17,HELEN,VOIGHT,"2006-02-15 04:34:33"
280,"EMPIRE MALKOVICH","A Amazing Story of a Feminist And a Cat who must Face a Car in An Abandoned Fun House",2006,1,NULL,7,0.99,177,26.99,G,"Deleted Scenes","2006-02-15 05:03:42",17,280,"2006-02-15 05:05:03",17,HELEN,VOIGHT,"2006-02-15 04:34:33"
310,"FEVER EMPIRE","A Insightful Panorama of a Cat And a Boat who must Defeat a Boat in The Gulf of Mexico",2006,1,NULL,5,4.99,158,20.99,R,"Commentaries,Deleted Scenes","2006-02-15 05:03:42",17,310,"2006-02-15 05:05:03",17,HELEN,VOIGHT,"2006-02-15 04:34:33"
313,"FIDELITY DEVIL","A Awe-Inspiring Drama of a Technical Writer And a Composer who must Reach a Pastry Chef in A U-Boat",2006,1,NULL,5,4.99,118,11.99,G,"Trailers,Deleted Scenes,Behind the Scenes","2006-02-15 05:03:42",17,313,"2006-02-15 05:05:03",17,HELEN,VOIGHT,"2006-02-15 04:34:33"
378,"GREATEST NORTH","A Astounding Character Study of a Secret Agent And a Robot who must Build a A Shark in Berlin",2006,1,NULL,5,2.99,93,24.99,NC-17,"Trailers,Commentaries,Behind the Scenes","2006-02-15 05:03:42",17,378,"2006-02-15 05:05:03",17,HELEN,VOIGHT,"2006-02-15 04:34:33"
457,"INDEPENDENCE HOTEL","A Thrilling Tale of a Technical Writer And a Boy who must Face a Pioneer in A Monastery",2006,1,NULL,5,0.99,157,21.99,NC-17,"Trailers,Behind the Scenes","2006-02-15 05:03:42",17,457,"2006-02-15 05:05:03",17,HELEN,VOIGHT,"2006-02-15 04:34:33"
469,"IRON MOON","A Fast-Paced Documentary of a Mad Cow And a Boy who must Pursue a Dentist in A Baloon",2006,1,NULL,7,4.99,46,27.99,PG,"Commentaries,Behind the Scenes","2006-02-15 05:03:42",17,469,"2006-02-15 05:05:03",17,HELEN,VOIGHT,"2006-02-15 04:34:33"
478,"JAWS HARRY","A Thrilling Display of a Database Administrator And a Monkey who must Overcome a Dog in An Abandoned Fun House",2006,1,NULL,4,2.99,112,10.99,G,"Deleted Scenes","2006-02-15 05:03:42",17,478,"2006-02-15 05:05:03",17,HELEN,VOIGHT,"2006-02-15 04:34:33"
500,"KISS GLORY","A Lacklusture Reflection of a Girl And a Husband who must Find a Robot in The Canadian Rockies",2006,1,NULL,5,4.99,163,11.99,PG-13,"Trailers,Commentaries,Behind the Scenes","2006-02-15 05:03:42",17,500,"2006-02-15 05:05:03",17,HELEN,VOIGHT,"2006-02-15 04:34:33"
515,"LEGALLY SECRETARY","A Astounding Tale of a A Shark And a Moose who must Meet a Womanizer in The Sahara Desert",2006,1,NULL,7,4.99,113,14.99,PG,"Trailers,Commentaries,Behind the Scenes","2006-02-15 05:03:42",17,515,"2006-02-15 05:05:03",17,HELEN,VOIGHT,"2006-02-15 04:34:33"
521,"LIES TREATMENT","A Fast-Paced Character Study of a Dentist And a Moose who must Defeat a Composer in The First Manned Space Station",2006,1,NULL,7,4.99,147,28.99,NC-17,"Commentaries,Deleted Scenes,Behind the Scenes","2006-02-15 05:03:42",17,521,"2006-02-15 05:05:03",17,HELEN,VOIGHT,"2006-02-15 04:34:33"
573,"MICROCOSMOS PARADISE","A Touching Character Study of a Boat And a Student who must Sink a A Shark in Nigeria",2006,1,NULL,6,2.99,105,22.99,PG-13,Commentaries,"2006-02-15 05:03:42",17,573,"2006-02-15 05:05:03",17,HELEN,VOIGHT,"2006-02-15 04:34:33"
603,"MOVIE SHAKESPEARE","A Insightful Display of a Database Administrator And a Student who must Build a Hunter in Berlin",2006,1,NULL,6,4.99,53,27.99,PG,"Commentaries,Deleted Scenes,Behind the Scenes","2006-02-15 05:03:42",17,603,"2006-02-15 05:05:03",17,HELEN,VOIGHT,"2006-02-15 04:34:33"
606,"MUMMY CREATURES","A Fateful Character Study of a Crocodile And a Monkey who must Meet a Dentist in Australia",2006,1,NULL,3,0.99,160,15.99,NC-17,"Trailers,Behind the Scenes","2006-02-15 05:03:42",17,606,"2006-02-15 05:05:03",17,HELEN,VOIGHT,"2006-02-15 04:34:33"
734,"ROAD ROXANNE","A Boring Character Study of a Waitress And a Astronaut who must Fight a Crocodile in Ancient Japan",2006,1,NULL,4,4.99,158,12.99,R,"Behind the Scenes","2006-02-15 05:03:42",17,734,"2006-02-15 05:05:03",17,HELEN,VOIGHT,"2006-02-15 04:34:33"
770,"SCISSORHANDS SLUMS","A Awe-Inspiring Drama of a Girl And a Technical Writer who must Meet a Feminist in The Canadian Rockies",2006,1,NULL,5,2.99,147,13.99,G,"Commentaries,Deleted Scenes,Behind the Scenes","2006-02-15 05:03:42",17,770,"2006-02-15 05:05:03",17,HELEN,VOIGHT,"2006-02-15 04:34:33"
794,"SIDE ARK","A Stunning Panorama of a Crocodile And a Womanizer who must Meet a Feminist in The Canadian Rockies",2006,1,NULL,5,0.99,52,28.99,G,"Deleted Scenes,Behind the Scenes","2006-02-15 05:03:42",17,794,"2006-02-15 05:05:03",17,HELEN,VOIGHT,"2006-02-15 04:34:33"
800,"SINNERS ATLANTIS","A Epic Display of a Dog And a Boat who must Succumb a Mad Scientist in An Abandoned Mine Shaft",2006,1,NULL,7,2.99,126,19.99,PG-13,"Trailers,Commentaries,Deleted Scenes","2006-02-15 05:03:42",17,800,"2006-02-15 05:05:03",17,HELEN,VOIGHT,"2006-02-15 04:34:33"
853,"STRANGER STRANGERS","A Awe-Inspiring Yarn of a Womanizer And a Explorer who must Fight a Woman in The First Manned Space Station",2006,1,NULL,3,4.99,139,12.99,G,"Commentaries,Deleted Scenes","2006-02-15 05:03:42",17,853,"2006-02-15 05:05:03",17,HELEN,VOIGHT,"2006-02-15 04:34:33"
873,"SWEETHEARTS SUSPECTS","A Brilliant Character Study of a Frisbee And a Sumo Wrestler who must Confront a Woman in The Gulf of Mexico",2006,1,NULL,3,0.99,108,13.99,G,"Trailers,Commentaries,Deleted Scenes,Behind the Scenes","2006-02-15 05:03:42",17,873,"2006-02-15 05:05:03",17,HELEN,VOIGHT,"2006-02-15 04:34:33"
874,"TADPOLE PARK","A Beautiful Tale of a Frisbee And a Moose who must Vanquish a Dog in An Abandoned Amusement Park",2006,1,NULL,6,2.99,155,13.99,PG,"Trailers,Commentaries","2006-02-15 05:03:42",17,874,"2006-02-15 05:05:03",17,HELEN,VOIGHT,"2006-02-15 04:34:33"
880,"TELEMARK HEARTBREAKERS","A Action-Packed Panorama of a Technical Writer And a Man who must Build a Forensic Psychologist in A Manhattan Penthouse",2006,1,NULL,6,2.99,152,9.99,PG-13,"Trailers,Commentaries,Deleted Scenes,Behind the Scenes","2006-02-15 05:03:42",17,880,"2006-02-15 05:05:03",17,HELEN,VOIGHT,"2006-02-15 04:34:33"
948,"VOICE PEACH","A Amazing Panorama of a Pioneer And a Student who must Overcome a Mad Scientist in A Manhattan Penthouse",2006,1,NULL,6,0.99,139,22.99,PG-13,"Commentaries,Behind the Scenes","2006-02-15 05:03:42",17,948,"2006-02-15 05:05:03",17,HELEN,VOIGHT,"2006-02-15 04:34:33"
957,"WAR NOTTING","A Boring Drama of a Teacher And a Sumo Wrestler who must Challenge a Secret Agent in The Canadian Rockies",2006,1,NULL,7,4.99,80,26.99,G,"Deleted Scenes,Behind the Scenes","2006-02-15 05:03:42",17,957,"2006-02-15 05:05:03",17,HELEN,VOIGHT,"2006-02-15 04:34:33"
959,"WARLOCK WEREWOLF","A Astounding Yarn of a Pioneer And a Crocodile who must Defeat a A Shark in The Outback",2006,1,NULL,6,2.99,83,10.99,G,"Commentaries,Behind the Scenes","2006-02-15 05:03:42",17,959,"2006-02-15 05:05:03",17,HELEN,VOIGHT,"2006-02-15 04:34:33"
44,"ATTACKS HATE","A Fast-Paced Panorama of a Technical Writer And a Mad Scientist who must Find a Feminist in An Abandoned Mine Shaft",2006,1,NULL,5,4.99,113,21.99,PG-13,"Trailers,Behind the Scenes","2006-02-15 05:03:42",18,44,"2006-02-15 05:05:03",18,DAN,TORN,"2006-02-15 04:34:33"
84,"BOILED DARES","A Awe-Inspiring Story of a Waitress And a Dog who must Discover a Dentist in Ancient Japan",2006,1,NULL,7,4.99,102,13.99,PG,"Trailers,Commentaries","2006-02-15 05:03:42",18,84,"2006-02-15 05:05:03",18,DAN,TORN,"2006-02-15 04:34:33"
144,"CHINATOWN GLADIATOR","A Brilliant Panorama of a Technical Writer And a Lumberjack who must Escape a Butler in Ancient India",2006,1,NULL,7,4.99,61,24.99,PG,"Trailers,Commentaries,Deleted Scenes","2006-02-15 05:03:42",18,144,"2006-02-15 05:05:03",18,DAN,TORN,"2006-02-15 04:34:33"
172,"CONEHEADS SMOOCHY","A Touching Story of a Womanizer And a Composer who must Pursue a Husband in Nigeria",2006,1,NULL,7,4.99,112,12.99,NC-17,"Deleted Scenes,Behind the Scenes","2006-02-15 05:03:42",18,172,"2006-02-15 05:05:03",18,DAN,TORN,"2006-02-15 04:34:33"
268,"EARLY HOME","A Amazing Panorama of a Mad Scientist And a Husband who must Meet a Woman in The Outback",2006,1,NULL,6,4.99,96,27.99,NC-17,"Trailers,Commentaries,Behind the Scenes","2006-02-15 05:03:42",18,268,"2006-02-15 05:05:03",18,DAN,TORN,"2006-02-15 04:34:33"
279,"ELIZABETH SHANE","A Lacklusture Display of a Womanizer And a Dog who must Face a Sumo Wrestler in Ancient Japan",2006,1,NULL,7,4.99,152,11.99,NC-17,"Trailers,Deleted Scenes,Behind the Scenes","2006-02-15 05:03:42",18,279,"2006-02-15 05:05:03",18,DAN,TORN,"2006-02-15 04:34:33"
280,"EMPIRE MALKOVICH","A Amazing Story of a Feminist And a Cat who must Face a Car in An Abandoned Fun House",2006,1,NULL,7,0.99,177,26.99,G,"Deleted Scenes","2006-02-15 05:03:42",18,280,"2006-02-15 05:05:03",18,DAN,TORN,"2006-02-15 04:34:33"
321,"FLASH WARS","A Astounding Saga of a Moose And a Pastry Chef who must Chase a Student in The Gulf of Mexico",2006,1,NULL,3,4.99,123,21.99,NC-17,"Trailers,Commentaries,Behind the Scenes","2006-02-15 05:03:42",18,321,"2006-02-15 05:05:03",18,DAN,TORN,"2006-02-15 04:34:33"
386,"GUMP DATE","A Intrepid Yarn of a Explorer And a Student who must Kill a Husband in An Abandoned Mine Shaft",2006,1,NULL,3,4.99,53,12.99,NC-17,"Deleted Scenes","2006-02-15 05:03:42",18,386,"2006-02-15 05:05:03",18,DAN,TORN,"2006-02-15 04:34:33"
460,"INNOCENT USUAL","A Beautiful Drama of a Pioneer And a Crocodile who must Challenge a Student in The Outback",2006,1,NULL,3,4.99,178,26.99,PG-13,"Trailers,Deleted Scenes,Behind the Scenes","2006-02-15 05:03:42",18,460,"2006-02-15 05:05:03",18,DAN,TORN,"2006-02-15 04:34:33"
462,"INSIDER ARIZONA","A Astounding Saga of a Mad Scientist And a Hunter who must Pursue a Robot in A Baloon Factory",2006,1,NULL,5,2.99,78,17.99,NC-17,Commentaries,"2006-02-15 05:03:42",18,462,"2006-02-15 05:05:03",18,DAN,TORN,"2006-02-15 04:34:33"
484,"JERK PAYCHECK","A Touching Character Study of a Pastry Chef And a Database Administrator who must Reach a A Shark in Ancient Japan",2006,1,NULL,3,2.99,172,13.99,NC-17,"Trailers,Commentaries,Deleted Scenes,Behind the Scenes","2006-02-15 05:03:42",18,484,"2006-02-15 05:05:03",18,DAN,TORN,"2006-02-15 04:34:33"
536,"LOVELY JINGLE","A Fanciful Yarn of a Crocodile And a Forensic Psychologist who must Discover a Crocodile in The Outback",2006,1,NULL,3,2.99,65,18.99,PG,"Trailers,Behind the Scenes","2006-02-15 05:03:42",18,536,"2006-02-15 05:05:03",18,DAN,TORN,"2006-02-15 04:34:33"
561,"MASK PEACH","A Boring Character Study of a Student And a Robot who must Meet a Woman in California",2006,1,NULL,6,2.99,123,26.99,NC-17,"Commentaries,Deleted Scenes","2006-02-15 05:03:42",18,561,"2006-02-15 05:05:03",18,DAN,TORN,"2006-02-15 04:34:33"
612,"MUSSOLINI SPOILERS","A Thrilling Display of a Boat And a Monkey who must Meet a Composer in Ancient China",2006,1,NULL,6,2.99,180,10.99,G,"Deleted Scenes,Behind the Scenes","2006-02-15 05:03:42",18,612,"2006-02-15 05:05:03",18,DAN,TORN,"2006-02-15 04:34:33"
717,"REAR TRADING","A Awe-Inspiring Reflection of a Forensic Psychologist And a Secret Agent who must Succumb a Pastry Chef in Soviet Georgia",2006,1,NULL,6,0.99,97,23.99,NC-17,"Trailers,Commentaries,Deleted Scenes","2006-02-15 05:03:42",18,717,"2006-02-15 05:05:03",18,DAN,TORN,"2006-02-15 04:34:33"
808,"SLING LUKE","A Intrepid Character Study of a Robot And a Monkey who must Reach a Secret Agent in An Abandoned Amusement Park",2006,1,NULL,5,0.99,84,10.99,R,"Behind the Scenes","2006-02-15 05:03:42",18,808,"2006-02-15 05:05:03",18,DAN,TORN,"2006-02-15 04:34:33"
842,"STATE WASTELAND","A Beautiful Display of a Cat And a Pastry Chef who must Outrace a Mad Cow in A Jet Boat",2006,1,NULL,4,2.99,113,13.99,NC-17,"Trailers,Commentaries,Deleted Scenes,Behind the Scenes","2006-02-15 05:03:42",18,842,"2006-02-15 05:05:03",18,DAN,TORN,"2006-02-15 04:34:33"
863,"SUN CONFESSIONS","A Beautiful Display of a Mad Cow And a Dog who must Redeem a Waitress in An Abandoned Amusement Park",2006,1,NULL,5,0.99,141,9.99,R,"Trailers,Behind the Scenes","2006-02-15 05:03:42",18,863,"2006-02-15 05:05:03",18,DAN,TORN,"2006-02-15 04:34:33"
883,"TEQUILA PAST","A Action-Packed Panorama of a Mad Scientist And a Robot who must Challenge a Student in Nigeria",2006,1,NULL,6,4.99,53,17.99,PG,"Commentaries,Behind the Scenes","2006-02-15 05:03:42",18,883,"2006-02-15 05:05:03",18,DAN,TORN,"2006-02-15 04:34:33"
917,"TUXEDO MILE","A Boring Drama of a Man And a Forensic Psychologist who must Face a Frisbee in Ancient India",2006,1,NULL,3,2.99,152,24.99,R,"Commentaries,Deleted Scenes,Behind the Scenes","2006-02-15 05:03:42",18,917,"2006-02-15 05:05:03",18,DAN,TORN,"2006-02-15 04:34:33"
944,"VIRGIN DAISY","A Awe-Inspiring Documentary of a Robot And a Mad Scientist who must Reach a Database Administrator in A Shark Tank",2006,1,NULL,6,4.99,179,29.99,PG-13,"Trailers,Behind the Scenes","2006-02-15 05:03:42",18,944,"2006-02-15 05:05:03",18,DAN,TORN,"2006-02-15 04:34:33"
2,"ACE GOLDFINGER","A Astounding Epistle of a Database Administrator And a Explorer who must Find a Car in Ancient China",2006,1,NULL,3,4.99,48,12.99,G,"Trailers,Deleted Scenes","2006-02-15 05:03:42",19,2,"2006-02-15 05:05:03",19,BOB,FAWCETT,"2006-02-15 04:34:33"
3,"ADAPTATION HOLES","A Astounding Reflection of a Lumberjack And a Car who must Sink a Lumberjack in A Baloon Factory",2006,1,NULL,7,2.99,50,18.99,NC-17,"Trailers,Deleted Scenes","2006-02-15 05:03:42",19,3,"2006-02-15 05:05:03",19,BOB,FAWCETT,"2006-02-15 04:34:33"
144,"CHINATOWN GLADIATOR","A Brilliant Panorama of a Technical Writer And a Lumberjack who must Escape a Butler in Ancient India",2006,1,NULL,7,4.99,61,24.99,PG,"Trailers,Commentaries,Deleted Scenes","2006-02-15 05:03:42",19,144,"2006-02-15 05:05:03",19,BOB,FAWCETT,"2006-02-15 04:34:33"
152,"CIRCUS YOUTH","A Thoughtful Drama of a Pastry Chef And a Dentist who must Pursue a Girl in A Baloon",2006,1,NULL,5,2.99,90,13.99,PG-13,"Trailers,Deleted Scenes,Behind the Scenes","2006-02-15 05:03:42",19,152,"2006-02-15 05:05:03",19,BOB,FAWCETT,"2006-02-15 04:34:33"
182,"CONTROL ANTHEM","A Fateful Documentary of a Robot And a Student who must Battle a Cat in A Monastery",2006,1,NULL,7,4.99,185,9.99,G,Commentaries,"2006-02-15 05:03:42",19,182,"2006-02-15 05:05:03",19,BOB,FAWCETT,"2006-02-15 04:34:33"
208,"DARES PLUTO","A Fateful Story of a Robot And a Dentist who must Defeat a Astronaut in New Orleans",2006,1,NULL,7,2.99,89,16.99,PG-13,"Commentaries,Behind the Scenes","2006-02-15 05:03:42",19,208,"2006-02-15 05:05:03",19,BOB,FAWCETT,"2006-02-15 04:34:33"
212,"DARN FORRESTER","A Fateful Story of a A Shark And a Explorer who must Succumb a Technical Writer in A Jet Boat",2006,1,NULL,7,4.99,185,14.99,G,"Deleted Scenes","2006-02-15 05:03:42",19,212,"2006-02-15 05:05:03",19,BOB,FAWCETT,"2006-02-15 04:34:33"
217,"DAZED PUNK","A Action-Packed Story of a Pioneer And a Technical Writer who must Discover a Forensic Psychologist in An Abandoned Amusement Park",2006,1,NULL,6,4.99,120,20.99,G,"Commentaries,Deleted Scenes","2006-02-15 05:03:42",19,217,"2006-02-15 05:05:03",19,BOB,FAWCETT,"2006-02-15 04:34:33"
266,"DYNAMITE TARZAN","A Intrepid Documentary of a Forensic Psychologist And a Mad Scientist who must Face a Explorer in A U-Boat",2006,1,NULL,4,0.99,141,27.99,PG-13,"Deleted Scenes","2006-02-15 05:03:42",19,266,"2006-02-15 05:05:03",19,BOB,FAWCETT,"2006-02-15 04:34:33"
404,"HATE HANDICAP","A Intrepid Reflection of a Mad Scientist And a Pioneer who must Overcome a Hunter in The First Manned Space Station",2006,1,NULL,4,0.99,107,26.99,PG,"Trailers,Commentaries,Behind the Scenes","2006-02-15 05:03:42",19,404,"2006-02-15 05:05:03",19,BOB,FAWCETT,"2006-02-15 04:34:33"
428,"HOMICIDE PEACH","A Astounding Documentary of a Hunter And a Boy who must Confront a Boy in A MySQL Convention",2006,1,NULL,6,2.99,141,21.99,PG-13,Commentaries,"2006-02-15 05:03:42",19,428,"2006-02-15 05:05:03",19,BOB,FAWCETT,"2006-02-15 04:34:33"
473,"JACKET FRISCO","A Insightful Reflection of a Womanizer And a Husband who must Conquer a Pastry Chef in A Baloon",2006,1,NULL,5,2.99,181,16.99,PG-13,"Trailers,Deleted Scenes,Behind the Scenes","2006-02-15 05:03:42",19,473,"2006-02-15 05:05:03",19,BOB,FAWCETT,"2006-02-15 04:34:33"
490,"JUMANJI BLADE","A Intrepid Yarn of a Husband And a Womanizer who must Pursue a Mad Scientist in New Orleans",2006,1,NULL,4,2.99,121,13.99,G,"Commentaries,Behind the Scenes","2006-02-15 05:03:42",19,490,"2006-02-15 05:05:03",19,BOB,FAWCETT,"2006-02-15 04:34:33"
510,"LAWLESS VISION","A Insightful Yarn of a Boy And a Sumo Wrestler who must Outgun a Car in The Outback",2006,1,NULL,6,4.99,181,29.99,G,"Deleted Scenes,Behind the Scenes","2006-02-15 05:03:42",19,510,"2006-02-15 05:05:03",19,BOB,FAWCETT,"2006-02-15 04:34:33"
513,"LEATHERNECKS DWARFS","A Fateful Reflection of a Dog And a Mad Cow who must Outrace a Teacher in An Abandoned Mine Shaft",2006,1,NULL,6,2.99,153,21.99,PG-13,"Trailers,Commentaries,Behind the Scenes","2006-02-15 05:03:42",19,513,"2006-02-15 05:05:03",19,BOB,FAWCETT,"2006-02-15 04:34:33"
644,"OSCAR GOLD","A Insightful Tale of a Database Administrator And a Dog who must Face a Madman in Soviet Georgia",2006,1,NULL,7,2.99,115,29.99,PG,"Behind the Scenes","2006-02-15 05:03:42",19,644,"2006-02-15 05:05:03",19,BOB,FAWCETT,"2006-02-15 04:34:33"
670,"PELICAN COMFORTS","A Epic Documentary of a Boy And a Monkey who must Pursue a Astronaut in Berlin",2006,1,NULL,4,4.99,48,17.99,PG,"Commentaries,Deleted Scenes","2006-02-15 05:03:42",19,670,"2006-02-15 05:05:03",19,BOB,FAWCETT,"2006-02-15 04:34:33"
673,"PERSONAL LADYBUGS","A Epic Saga of a Hunter And a Technical Writer who must Conquer a Cat in Ancient Japan",2006,1,NULL,3,0.99,118,19.99,PG-13,"Deleted Scenes,Behind the Scenes","2006-02-15 05:03:42",19,673,"2006-02-15 05:05:03",19,BOB,FAWCETT,"2006-02-15 04:34:33"
711,"RAGING AIRPLANE","A Astounding Display of a Secret Agent And a Technical Writer who must Escape a Mad Scientist in A Jet Boat",2006,1,NULL,4,4.99,154,18.99,R,"Commentaries,Deleted Scenes","2006-02-15 05:03:42",19,711,"2006-02-15 05:05:03",19,BOB,FAWCETT,"2006-02-15 04:34:33"
750,"RUN PACIFIC","A Touching Tale of a Cat And a Pastry Chef who must Conquer a Pastry Chef in A MySQL Convention",2006,1,NULL,3,0.99,145,25.99,R,"Commentaries,Deleted Scenes,Behind the Scenes","2006-02-15 05:03:42",19,750,"2006-02-15 05:05:03",19,BOB,FAWCETT,"2006-02-15 04:34:33"
752,"RUNNER MADIGAN","A Thoughtful Documentary of a Crocodile And a Robot who must Outrace a Womanizer in The Outback",2006,1,NULL,6,0.99,101,27.99,NC-17,"Commentaries,Deleted Scenes,Behind the Scenes","2006-02-15 05:03:42",19,752,"2006-02-15 05:05:03",19,BOB,FAWCETT,"2006-02-15 04:34:33"
756,"SADDLE ANTITRUST","A Stunning Epistle of a Feminist And a A Shark who must Battle a Woman in An Abandoned Fun House",2006,1,NULL,7,2.99,80,10.99,PG-13,"Trailers,Deleted Scenes","2006-02-15 05:03:42",19,756,"2006-02-15 05:05:03",19,BOB,FAWCETT,"2006-02-15 04:34:33"
771,"SCORPION APOLLO","A Awe-Inspiring Documentary of a Technical Writer And a Husband who must Meet a Monkey in An Abandoned Fun House",2006,1,NULL,3,4.99,137,23.99,NC-17,"Commentaries,Deleted Scenes","2006-02-15 05:03:42",19,771,"2006-02-15 05:05:03",19,BOB,FAWCETT,"2006-02-15 04:34:33"
785,"SHAWSHANK BUBBLE","A Lacklusture Story of a Moose And a Monkey who must Confront a Butler in An Abandoned Amusement Park",2006,1,NULL,6,4.99,80,20.99,PG,"Commentaries,Deleted Scenes","2006-02-15 05:03:42",19,785,"2006-02-15 05:05:03",19,BOB,FAWCETT,"2006-02-15 04:34:33"
877,"TAXI KICK","A Amazing Epistle of a Girl And a Woman who must Outrace a Waitress in Soviet Georgia",2006,1,NULL,4,0.99,64,23.99,PG-13,"Commentaries,Deleted Scenes","2006-02-15 05:03:42",19,877,"2006-02-15 05:05:03",19,BOB,FAWCETT,"2006-02-15 04:34:33"
1,"ACADEMY DINOSAUR","A Epic Drama of a Feminist And a Mad Scientist who must Battle a Teacher in The Canadian Rockies",2006,1,NULL,6,0.99,86,20.99,PG,"Deleted Scenes,Behind the Scenes","2006-02-15 05:03:42",20,1,"2006-02-15 05:05:03",20,LUCILLE,TRACY,"2006-02-15 04:34:33"
54,"BANGER PINOCCHIO","A Awe-Inspiring Drama of a Car And a Pastry Chef who must Chase a Crocodile in The First Manned Space Station",2006,1,NULL,5,0.99,113,15.99,R,"Trailers,Commentaries,Deleted Scenes","2006-02-15 05:03:42",20,54,"2006-02-15 05:05:03",20,LUCILLE,TRACY,"2006-02-15 04:34:33"
63,"BEDAZZLED MARRIED","A Astounding Character Study of a Madman And a Robot who must Meet a Mad Scientist in An Abandoned Fun House",2006,1,NULL,6,0.99,73,21.99,PG,"Trailers,Deleted Scenes,Behind the Scenes","2006-02-15 05:03:42",20,63,"2006-02-15 05:05:03",20,LUCILLE,TRACY,"2006-02-15 04:34:33"
140,"CHEAPER CLYDE","A Emotional Character Study of a Pioneer And a Girl who must Discover a Dog in Ancient Japan",2006,1,NULL,6,0.99,87,23.99,G,"Trailers,Commentaries,Behind the Scenes","2006-02-15 05:03:42",20,140,"2006-02-15 05:05:03",20,LUCILLE,TRACY,"2006-02-15 04:34:33"
146,"CHITTY LOCK","A Boring Epistle of a Boat And a Database Administrator who must Kill a Sumo Wrestler in The First Manned Space Station",2006,1,NULL,6,2.99,107,24.99,G,Commentaries,"2006-02-15 05:03:42",20,146,"2006-02-15 05:05:03",20,LUCILLE,TRACY,"2006-02-15 04:34:33"
165,"COLDBLOODED DARLING","A Brilliant Panorama of a Dentist And a Moose who must Find a Student in The Gulf of Mexico",2006,1,NULL,7,4.99,70,27.99,G,"Trailers,Deleted Scenes","2006-02-15 05:03:42",20,165,"2006-02-15 05:05:03",20,LUCILLE,TRACY,"2006-02-15 04:34:33"
231,"DINOSAUR SECRETARY","A Action-Packed Drama of a Feminist And a Girl who must Reach a Robot in The Canadian Rockies",2006,1,NULL,7,2.99,63,27.99,R,"Trailers,Behind the Scenes","2006-02-15 05:03:42",20,231,"2006-02-15 05:05:03",20,LUCILLE,TRACY,"2006-02-15 04:34:33"
243,"DOORS PRESIDENT","A Awe-Inspiring Display of a Squirrel And a Woman who must Overcome a Boy in The Gulf of Mexico",2006,1,NULL,3,4.99,49,22.99,NC-17,"Trailers,Commentaries,Deleted Scenes,Behind the Scenes","2006-02-15 05:03:42",20,243,"2006-02-15 05:05:03",20,LUCILLE,TRACY,"2006-02-15 04:34:33"
269,"EARRING INSTINCT","A Stunning Character Study of a Dentist And a Mad Cow who must Find a Teacher in Nigeria",2006,1,NULL,3,0.99,98,22.99,R,"Behind the Scenes","2006-02-15 05:03:42",20,269,"2006-02-15 05:05:03",20,LUCILLE,TRACY,"2006-02-15 04:34:33"
274,"EGG IGBY","A Beautiful Documentary of a Boat And a Sumo Wrestler who must Succumb a Database Administrator in The First Manned Space Station",2006,1,NULL,4,2.99,67,20.99,PG,"Commentaries,Behind the Scenes","2006-02-15 05:03:42",20,274,"2006-02-15 05:05:03",20,LUCILLE,TRACY,"2006-02-15 04:34:33"
348,"GANDHI KWAI","A Thoughtful Display of a Mad Scientist And a Secret Agent who must Chase a Boat in Berlin",2006,1,NULL,7,0.99,86,9.99,PG-13,Trailers,"2006-02-15 05:03:42",20,348,"2006-02-15 05:05:03",20,LUCILLE,TRACY,"2006-02-15 04:34:33"
366,"GOLDFINGER SENSIBILITY","A Insightful Drama of a Mad Scientist And a Hunter who must Defeat a Pastry Chef in New Orleans",2006,1,NULL,3,0.99,93,29.99,G,"Trailers,Commentaries,Behind the Scenes","2006-02-15 05:03:42",20,366,"2006-02-15 05:05:03",20,LUCILLE,TRACY,"2006-02-15 04:34:33"
445,"HYDE DOCTOR","A Fanciful Documentary of a Boy And a Woman who must Redeem a Womanizer in A Jet Boat",2006,1,NULL,5,2.99,100,11.99,G,"Trailers,Deleted Scenes","2006-02-15 05:03:42",20,445,"2006-02-15 05:05:03",20,LUCILLE,TRACY,"2006-02-15 04:34:33"
478,"JAWS HARRY","A Thrilling Display of a Database Administrator And a Monkey who must Overcome a Dog in An Abandoned Fun House",2006,1,NULL,4,2.99,112,10.99,G,"Deleted Scenes","2006-02-15 05:03:42",20,478,"2006-02-15 05:05:03",20,LUCILLE,TRACY,"2006-02-15 04:34:33"
492,"JUNGLE CLOSER","A Boring Character Study of a Boy And a Woman who must Battle a Astronaut in Australia",2006,1,NULL,6,0.99,134,11.99,NC-17,"Trailers,Commentaries,Deleted Scenes","2006-02-15 05:03:42",20,492,"2006-02-15 05:05:03",20,LUCILLE,TRACY,"2006-02-15 04:34:33"
499,"KING EVOLUTION","A Action-Packed Tale of a Boy And a Lumberjack who must Chase a Madman in A Baloon",2006,1,NULL,3,4.99,184,24.99,NC-17,"Trailers,Deleted Scenes,Behind the Scenes","2006-02-15 05:03:42",20,499,"2006-02-15 05:05:03",20,LUCILLE,TRACY,"2006-02-15 04:34:33"
527,"LOLA AGENT","A Astounding Tale of a Mad Scientist And a Husband who must Redeem a Database Administrator in Ancient Japan",2006,1,NULL,4,4.99,85,24.99,PG,"Trailers,Commentaries","2006-02-15 05:03:42",20,527,"2006-02-15 05:05:03",20,LUCILLE,TRACY,"2006-02-15 04:34:33"
531,"LOSE INCH","A Stunning Reflection of a Student And a Technical Writer who must Battle a Butler in The First Manned Space Station",2006,1,NULL,3,0.99,137,18.99,R,"Trailers,Commentaries","2006-02-15 05:03:42",20,531,"2006-02-15 05:05:03",20,LUCILLE,TRACY,"2006-02-15 04:34:33"
538,"LOVERBOY ATTACKS","A Boring Story of a Car And a Butler who must Build a Girl in Soviet Georgia",2006,1,NULL,7,0.99,162,19.99,PG-13,"Trailers,Behind the Scenes","2006-02-15 05:03:42",20,538,"2006-02-15 05:05:03",20,LUCILLE,TRACY,"2006-02-15 04:34:33"
589,"MODERN DORADO","A Awe-Inspiring Story of a Butler And a Sumo Wrestler who must Redeem a Boy in New Orleans",2006,1,NULL,3,0.99,74,20.99,PG,"Trailers,Commentaries,Deleted Scenes","2006-02-15 05:03:42",20,589,"2006-02-15 05:05:03",20,LUCILLE,TRACY,"2006-02-15 04:34:33"
643,"ORIENT CLOSER","A Astounding Epistle of a Technical Writer And a Teacher who must Fight a Squirrel in The Sahara Desert",2006,1,NULL,3,2.99,118,22.99,R,"Commentaries,Deleted Scenes","2006-02-15 05:03:42",20,643,"2006-02-15 05:05:03",20,LUCILLE,TRACY,"2006-02-15 04:34:33"
652,"PAJAMA JAWBREAKER","A Emotional Drama of a Boy And a Technical Writer who must Redeem a Sumo Wrestler in California",2006,1,NULL,3,0.99,126,14.99,R,"Trailers,Deleted Scenes","2006-02-15 05:03:42",20,652,"2006-02-15 05:05:03",20,LUCILLE,TRACY,"2006-02-15 04:34:33"
663,"PATIENT SISTER","A Emotional Epistle of a Squirrel And a Robot who must Confront a Lumberjack in Soviet Georgia",2006,1,NULL,7,0.99,99,29.99,NC-17,"Trailers,Commentaries","2006-02-15 05:03:42",20,663,"2006-02-15 05:05:03",20,LUCILLE,TRACY,"2006-02-15 04:34:33"
714,"RANDOM GO","A Fateful Drama of a Frisbee And a Student who must Confront a Cat in A Shark Tank",2006,1,NULL,6,2.99,73,29.99,NC-17,Trailers,"2006-02-15 05:03:42",20,714,"2006-02-15 05:05:03",20,LUCILLE,TRACY,"2006-02-15 04:34:33"
717,"REAR TRADING","A Awe-Inspiring Reflection of a Forensic Psychologist And a Secret Agent who must Succumb a Pastry Chef in Soviet Georgia",2006,1,NULL,6,0.99,97,23.99,NC-17,"Trailers,Commentaries,Deleted Scenes","2006-02-15 05:03:42",20,717,"2006-02-15 05:05:03",20,LUCILLE,TRACY,"2006-02-15 04:34:33"
757,"SAGEBRUSH CLUELESS","A Insightful Story of a Lumberjack And a Hunter who must Kill a Boy in Ancient Japan",2006,1,NULL,4,2.99,106,28.99,G,Trailers,"2006-02-15 05:03:42",20,757,"2006-02-15 05:05:03",20,LUCILLE,TRACY,"2006-02-15 04:34:33"
784,"SHANGHAI TYCOON","A Fast-Paced Character Study of a Crocodile And a Lumberjack who must Build a Husband in An Abandoned Fun House",2006,1,NULL,7,2.99,47,20.99,PG,"Commentaries,Deleted Scenes,Behind the Scenes","2006-02-15 05:03:42",20,784,"2006-02-15 05:05:03",20,LUCILLE,TRACY,"2006-02-15 04:34:33"
863,"SUN CONFESSIONS","A Beautiful Display of a Mad Cow And a Dog who must Redeem a Waitress in An Abandoned Amusement Park",2006,1,NULL,5,0.99,141,9.99,R,"Trailers,Behind the Scenes","2006-02-15 05:03:42",20,863,"2006-02-15 05:05:03",20,LUCILLE,TRACY,"2006-02-15 04:34:33"
962,"WASTELAND DIVINE","A Fanciful Story of a Database Administrator And a Womanizer who must Fight a Database Administrator in Ancient China",2006,1,NULL,7,2.99,85,18.99,PG,"Trailers,Deleted Scenes,Behind the Scenes","2006-02-15 05:03:42",20,962,"2006-02-15 05:05:03",20,LUCILLE,TRACY,"2006-02-15 04:34:33"
977,"WINDOW SIDE","A Astounding Character Study of a Womanizer And a Hunter who must Escape a Robot in A Monastery",2006,1,NULL,3,2.99,85,25.99,R,"Deleted Scenes,Behind the Scenes","2006-02-15 05:03:42",20,977,"2006-02-15 05:05:03",20,LUCILLE,TRACY,"2006-02-15 04:34:33"
6,"AGENT TRUMAN","A Intrepid Panorama of a Robot And a Boy who must Escape a Sumo Wrestler in Ancient China",2006,1,NULL,3,2.99,169,17.99,PG,"Deleted Scenes","2006-02-15 05:03:42",21,6,"2006-02-15 05:05:03",21,KIRSTEN,PALTROW,"2006-02-15 04:34:33"
87,"BOONDOCK BALLROOM","A Fateful Panorama of a Crocodile And a Boy who must Defeat a Monkey in The Gulf of Mexico",2006,1,NULL,7,0.99,76,14.99,NC-17,"Behind the Scenes","2006-02-15 05:03:42",21,87,"2006-02-15 05:05:03",21,KIRSTEN,PALTROW,"2006-02-15 04:34:33"
88,"BORN SPINAL","A Touching Epistle of a Frisbee And a Husband who must Pursue a Student in Nigeria",2006,1,NULL,7,4.99,179,17.99,PG,"Trailers,Commentaries,Deleted Scenes","2006-02-15 05:03:42",21,88,"2006-02-15 05:05:03",21,KIRSTEN,PALTROW,"2006-02-15 04:34:33"
142,"CHICKEN HELLFIGHTERS","A Emotional Drama of a Dog And a Explorer who must Outrace a Technical Writer in Australia",2006,1,NULL,3,0.99,122,24.99,PG,"Trailers,Commentaries,Deleted Scenes,Behind the Scenes","2006-02-15 05:03:42",21,142,"2006-02-15 05:05:03",21,KIRSTEN,PALTROW,"2006-02-15 04:34:33"
159,"CLOSER BANG","A Unbelieveable Panorama of a Frisbee And a Hunter who must Vanquish a Monkey in Ancient India",2006,1,NULL,5,4.99,58,12.99,R,"Trailers,Behind the Scenes","2006-02-15 05:03:42",21,159,"2006-02-15 05:05:03",21,KIRSTEN,PALTROW,"2006-02-15 04:34:33"
179,"CONQUERER NUTS","A Taut Drama of a Mad Scientist And a Man who must Escape a Pioneer in An Abandoned Mine Shaft",2006,1,NULL,4,4.99,173,14.99,G,"Commentaries,Deleted Scenes,Behind the Scenes","2006-02-15 05:03:42",21,179,"2006-02-15 05:05:03",21,KIRSTEN,PALTROW,"2006-02-15 04:34:33"
253,"DRIFTER COMMANDMENTS","A Epic Reflection of a Womanizer And a Squirrel who must Discover a Husband in A Jet Boat",2006,1,NULL,5,4.99,61,18.99,PG-13,"Trailers,Behind the Scenes","2006-02-15 05:03:42",21,253,"2006-02-15 05:05:03",21,KIRSTEN,PALTROW,"2006-02-15 04:34:33"
281,"ENCINO ELF","A Astounding Drama of a Feminist And a Teacher who must Confront a Husband in A Baloon",2006,1,NULL,6,0.99,143,9.99,G,"Trailers,Behind the Scenes","2006-02-15 05:03:42",21,281,"2006-02-15 05:05:03",21,KIRSTEN,PALTROW,"2006-02-15 04:34:33"
321,"FLASH WARS","A Astounding Saga of a Moose And a Pastry Chef who must Chase a Student in The Gulf of Mexico",2006,1,NULL,3,4.99,123,21.99,NC-17,"Trailers,Commentaries,Behind the Scenes","2006-02-15 05:03:42",21,321,"2006-02-15 05:05:03",21,KIRSTEN,PALTROW,"2006-02-15 04:34:33"
398,"HANOVER GALAXY","A Stunning Reflection of a Girl And a Secret Agent who must Succumb a Boy in A MySQL Convention",2006,1,NULL,5,4.99,47,21.99,NC-17,"Commentaries,Deleted Scenes,Behind the Scenes","2006-02-15 05:03:42",21,398,"2006-02-15 05:05:03",21,KIRSTEN,PALTROW,"2006-02-15 04:34:33"
426,"HOME PITY","A Touching Panorama of a Man And a Secret Agent who must Challenge a Teacher in A MySQL Convention",2006,1,NULL,7,4.99,185,15.99,R,"Trailers,Commentaries,Behind the Scenes","2006-02-15 05:03:42",21,426,"2006-02-15 05:05:03",21,KIRSTEN,PALTROW,"2006-02-15 04:34:33"
429,"HONEY TIES","A Taut Story of a Waitress And a Crocodile who must Outrace a Lumberjack in A Shark Tank",2006,1,NULL,3,0.99,84,29.99,R,"Trailers,Commentaries,Deleted Scenes","2006-02-15 05:03:42",21,429,"2006-02-15 05:05:03",21,KIRSTEN,PALTROW,"2006-02-15 04:34:33"
497,"KILL BROTHERHOOD","A Touching Display of a Hunter And a Secret Agent who must Redeem a Husband in The Outback",2006,1,NULL,4,0.99,54,15.99,G,"Trailers,Commentaries","2006-02-15 05:03:42",21,497,"2006-02-15 05:05:03",21,KIRSTEN,PALTROW,"2006-02-15 04:34:33"
507,"LADYBUGS ARMAGEDDON","A Fateful Reflection of a Dog And a Mad Scientist who must Meet a Mad Scientist in New Orleans",2006,1,NULL,4,0.99,113,13.99,NC-17,"Deleted Scenes","2006-02-15 05:03:42",21,507,"2006-02-15 05:05:03",21,KIRSTEN,PALTROW,"2006-02-15 04:34:33"
530,"LORD ARIZONA","A Action-Packed Display of a Frisbee And a Pastry Chef who must Pursue a Crocodile in A Jet Boat",2006,1,NULL,5,2.99,108,27.99,PG-13,Trailers,"2006-02-15 05:03:42",21,530,"2006-02-15 05:05:03",21,KIRSTEN,PALTROW,"2006-02-15 04:34:33"
680,"PINOCCHIO SIMON","A Action-Packed Reflection of a Mad Scientist And a A Shark who must Find a Feminist in California",2006,1,NULL,4,4.99,103,21.99,PG,"Commentaries,Behind the Scenes","2006-02-15 05:03:42",21,680,"2006-02-15 05:05:03",21,KIRSTEN,PALTROW,"2006-02-15 04:34:33"
686,"PLUTO OLEANDER","A Action-Packed Reflection of a Car And a Moose who must Outgun a Car in A Shark Tank",2006,1,NULL,5,4.99,84,9.99,R,"Behind the Scenes","2006-02-15 05:03:42",21,686,"2006-02-15 05:05:03",21,KIRSTEN,PALTROW,"2006-02-15 04:34:33"
700,"PRIX UNDEFEATED","A Stunning Saga of a Mad Scientist And a Boat who must Overcome a Dentist in Ancient China",2006,1,NULL,4,2.99,115,13.99,R,"Trailers,Deleted Scenes","2006-02-15 05:03:42",21,700,"2006-02-15 05:05:03",21,KIRSTEN,PALTROW,"2006-02-15 04:34:33"
702,"PULP BEVERLY","A Unbelieveable Display of a Dog And a Crocodile who must Outrace a Man in Nigeria",2006,1,NULL,4,2.99,89,12.99,G,"Trailers,Behind the Scenes","2006-02-15 05:03:42",21,702,"2006-02-15 05:05:03",21,KIRSTEN,PALTROW,"2006-02-15 04:34:33"
733,"RIVER OUTLAW","A Thrilling Character Study of a Squirrel And a Lumberjack who must Face a Hunter in A MySQL Convention",2006,1,NULL,4,0.99,149,29.99,PG-13,Commentaries,"2006-02-15 05:03:42",21,733,"2006-02-15 05:05:03",21,KIRSTEN,PALTROW,"2006-02-15 04:34:33"
734,"ROAD ROXANNE","A Boring Character Study of a Waitress And a Astronaut who must Fight a Crocodile in Ancient Japan",2006,1,NULL,4,4.99,158,12.99,R,"Behind the Scenes","2006-02-15 05:03:42",21,734,"2006-02-15 05:05:03",21,KIRSTEN,PALTROW,"2006-02-15 04:34:33"
798,"SILVERADO GOLDFINGER","A Stunning Epistle of a Sumo Wrestler And a Man who must Challenge a Waitress in Ancient India",2006,1,NULL,4,4.99,74,11.99,PG,"Trailers,Commentaries","2006-02-15 05:03:42",21,798,"2006-02-15 05:05:03",21,KIRSTEN,PALTROW,"2006-02-15 04:34:33"
804,"SLEEPING SUSPECTS","A Stunning Reflection of a Sumo Wrestler And a Explorer who must Sink a Frisbee in A MySQL Convention",2006,1,NULL,7,4.99,129,13.99,PG-13,"Trailers,Commentaries","2006-02-15 05:03:42",21,804,"2006-02-15 05:05:03",21,KIRSTEN,PALTROW,"2006-02-15 04:34:33"
887,"THIEF PELICAN","A Touching Documentary of a Madman And a Mad Scientist who must Outrace a Feminist in An Abandoned Mine Shaft",2006,1,NULL,5,4.99,135,28.99,PG-13,"Deleted Scenes,Behind the Scenes","2006-02-15 05:03:42",21,887,"2006-02-15 05:05:03",21,KIRSTEN,PALTROW,"2006-02-15 04:34:33"
893,"TITANS JERK","A Unbelieveable Panorama of a Feminist And a Sumo Wrestler who must Challenge a Technical Writer in Ancient China",2006,1,NULL,4,4.99,91,11.99,PG,"Behind the Scenes","2006-02-15 05:03:42",21,893,"2006-02-15 05:05:03",21,KIRSTEN,PALTROW,"2006-02-15 04:34:33"
920,"UNBREAKABLE KARATE","A Amazing Character Study of a Robot And a Student who must Chase a Robot in Australia",2006,1,NULL,3,0.99,62,16.99,G,"Deleted Scenes,Behind the Scenes","2006-02-15 05:03:42",21,920,"2006-02-15 05:05:03",21,KIRSTEN,PALTROW,"2006-02-15 04:34:33"
983,"WON DARES","A Unbelieveable Documentary of a Teacher And a Monkey who must Defeat a Explorer in A U-Boat",2006,1,NULL,7,2.99,105,18.99,PG,"Behind the Scenes","2006-02-15 05:03:42",21,983,"2006-02-15 05:05:03",21,KIRSTEN,PALTROW,"2006-02-15 04:34:33"
9,"ALABAMA DEVIL","A Thoughtful Panorama of a Database Administrator And a Mad Scientist who must Outgun a Mad Scientist in A Jet Boat",2006,1,NULL,3,2.99,114,21.99,PG-13,"Trailers,Deleted Scenes","2006-02-15 05:03:42",22,9,"2006-02-15 05:05:03",22,ELVIS,MARX,"2006-02-15 04:34:33"
23,"ANACONDA CONFESSIONS","A Lacklusture Display of a Dentist And a Dentist who must Fight a Girl in Australia",2006,1,NULL,3,0.99,92,9.99,R,"Trailers,Deleted Scenes","2006-02-15 05:03:42",22,23,"2006-02-15 05:05:03",22,ELVIS,MARX,"2006-02-15 04:34:33"
56,"BAREFOOT MANCHURIAN","A Intrepid Story of a Cat And a Student who must Vanquish a Girl in An Abandoned Amusement Park",2006,1,NULL,6,2.99,129,15.99,G,"Trailers,Commentaries","2006-02-15 05:03:42",22,56,"2006-02-15 05:05:03",22,ELVIS,MARX,"2006-02-15 04:34:33"
89,"BORROWERS BEDAZZLED","A Brilliant Epistle of a Teacher And a Sumo Wrestler who must Defeat a Man in An Abandoned Fun House",2006,1,NULL,7,0.99,63,22.99,G,"Commentaries,Deleted Scenes,Behind the Scenes","2006-02-15 05:03:42",22,89,"2006-02-15 05:05:03",22,ELVIS,MARX,"2006-02-15 04:34:33"
111,"CADDYSHACK JEDI","A Awe-Inspiring Epistle of a Woman And a Madman who must Fight a Robot in Soviet Georgia",2006,1,NULL,3,0.99,52,17.99,NC-17,"Commentaries,Deleted Scenes","2006-02-15 05:03:42",22,111,"2006-02-15 05:05:03",22,ELVIS,MARX,"2006-02-15 04:34:33"
146,"CHITTY LOCK","A Boring Epistle of a Boat And a Database Administrator who must Kill a Sumo Wrestler in The First Manned Space Station",2006,1,NULL,6,2.99,107,24.99,G,Commentaries,"2006-02-15 05:03:42",22,146,"2006-02-15 05:05:03",22,ELVIS,MARX,"2006-02-15 04:34:33"
291,"EVOLUTION ALTER","A Fanciful Character Study of a Feminist And a Madman who must Find a Explorer in A Baloon Factory",2006,1,NULL,5,0.99,174,10.99,PG-13,"Behind the Scenes","2006-02-15 05:03:42",22,291,"2006-02-15 05:05:03",22,ELVIS,MARX,"2006-02-15 04:34:33"
294,"EXPECATIONS NATURAL","A Amazing Drama of a Butler And a Husband who must Reach a A Shark in A U-Boat",2006,1,NULL,5,4.99,138,26.99,PG-13,"Deleted Scenes","2006-02-15 05:03:42",22,294,"2006-02-15 05:05:03",22,ELVIS,MARX,"2006-02-15 04:34:33"
349,"GANGS PRIDE","A Taut Character Study of a Woman And a A Shark who must Confront a Frisbee in Berlin",2006,1,NULL,4,2.99,185,27.99,PG-13,"Behind the Scenes","2006-02-15 05:03:42",22,349,"2006-02-15 05:05:03",22,ELVIS,MARX,"2006-02-15 04:34:33"
369,"GOODFELLAS SALUTE","A Unbelieveable Tale of a Dog And a Explorer who must Sink a Mad Cow in A Baloon Factory",2006,1,NULL,4,4.99,56,22.99,PG,"Deleted Scenes","2006-02-15 05:03:42",22,369,"2006-02-15 05:05:03",22,ELVIS,MARX,"2006-02-15 04:34:33"
418,"HOBBIT ALIEN","A Emotional Drama of a Husband And a Girl who must Outgun a Composer in The First Manned Space Station",2006,1,NULL,5,0.99,157,27.99,PG-13,Commentaries,"2006-02-15 05:03:42",22,418,"2006-02-15 05:05:03",22,ELVIS,MARX,"2006-02-15 04:34:33"
430,"HOOK CHARIOTS","A Insightful Story of a Boy And a Dog who must Redeem a Boy in Australia",2006,1,NULL,7,0.99,49,23.99,G,"Trailers,Commentaries,Behind the Scenes","2006-02-15 05:03:42",22,430,"2006-02-15 05:05:03",22,ELVIS,MARX,"2006-02-15 04:34:33"
483,"JERICHO MULAN","A Amazing Yarn of a Hunter And a Butler who must Defeat a Boy in A Jet Boat",2006,1,NULL,3,2.99,171,29.99,NC-17,Commentaries,"2006-02-15 05:03:42",22,483,"2006-02-15 05:05:03",22,ELVIS,MARX,"2006-02-15 04:34:33"
491,"JUMPING WRATH","A Touching Epistle of a Monkey And a Feminist who must Discover a Boat in Berlin",2006,1,NULL,4,0.99,74,18.99,NC-17,"Commentaries,Behind the Scenes","2006-02-15 05:03:42",22,491,"2006-02-15 05:05:03",22,ELVIS,MARX,"2006-02-15 04:34:33"
495,"KENTUCKIAN GIANT","A Stunning Yarn of a Woman And a Frisbee who must Escape a Waitress in A U-Boat",2006,1,NULL,5,2.99,169,10.99,PG,"Trailers,Commentaries,Deleted Scenes,Behind the Scenes","2006-02-15 05:03:42",22,495,"2006-02-15 05:05:03",22,ELVIS,MARX,"2006-02-15 04:34:33"
536,"LOVELY JINGLE","A Fanciful Yarn of a Crocodile And a Forensic Psychologist who must Discover a Crocodile in The Outback",2006,1,NULL,3,2.99,65,18.99,PG,"Trailers,Behind the Scenes","2006-02-15 05:03:42",22,536,"2006-02-15 05:05:03",22,ELVIS,MARX,"2006-02-15 04:34:33"
600,"MOTIONS DETAILS","A Awe-Inspiring Reflection of a Dog And a Student who must Kill a Car in An Abandoned Fun House",2006,1,NULL,5,0.99,166,16.99,PG,"Trailers,Commentaries,Behind the Scenes","2006-02-15 05:03:42",22,600,"2006-02-15 05:05:03",22,ELVIS,MARX,"2006-02-15 04:34:33"
634,"ODDS BOOGIE","A Thrilling Yarn of a Feminist And a Madman who must Battle a Hunter in Berlin",2006,1,NULL,6,0.99,48,14.99,NC-17,"Trailers,Commentaries,Behind the Scenes","2006-02-15 05:03:42",22,634,"2006-02-15 05:05:03",22,ELVIS,MARX,"2006-02-15 04:34:33"
648,"OUTLAW HANKY","A Thoughtful Story of a Astronaut And a Composer who must Conquer a Dog in The Sahara Desert",2006,1,NULL,7,4.99,148,17.99,PG-13,"Trailers,Commentaries","2006-02-15 05:03:42",22,648,"2006-02-15 05:05:03",22,ELVIS,MARX,"2006-02-15 04:34:33"
688,"POLISH BROOKLYN","A Boring Character Study of a Database Administrator And a Lumberjack who must Reach a Madman in The Outback",2006,1,NULL,6,0.99,61,12.99,PG,"Trailers,Commentaries,Deleted Scenes,Behind the Scenes","2006-02-15 05:03:42",22,688,"2006-02-15 05:05:03",22,ELVIS,MARX,"2006-02-15 04:34:33"
731,"RIGHT CRANES","A Fateful Character Study of a Boat And a Cat who must Find a Database Administrator in A Jet Boat",2006,1,NULL,7,4.99,153,29.99,PG-13,"Trailers,Commentaries,Deleted Scenes","2006-02-15 05:03:42",22,731,"2006-02-15 05:05:03",22,ELVIS,MARX,"2006-02-15 04:34:33"
742,"ROOF CHAMPION","A Lacklusture Reflection of a Car And a Explorer who must Find a Monkey in A Baloon",2006,1,NULL,7,0.99,101,25.99,R,"Deleted Scenes,Behind the Scenes","2006-02-15 05:03:42",22,742,"2006-02-15 05:05:03",22,ELVIS,MARX,"2006-02-15 04:34:33"
775,"SEATTLE EXPECATIONS","A Insightful Reflection of a Crocodile And a Sumo Wrestler who must Meet a Technical Writer in The Sahara Desert",2006,1,NULL,4,4.99,110,18.99,PG-13,Trailers,"2006-02-15 05:03:42",22,775,"2006-02-15 05:05:03",22,ELVIS,MARX,"2006-02-15 04:34:33"
802,"SKY MIRACLE","A Epic Drama of a Mad Scientist And a Explorer who must Succumb a Waitress in An Abandoned Fun House",2006,1,NULL,7,2.99,132,15.99,PG,"Trailers,Commentaries,Deleted Scenes","2006-02-15 05:03:42",22,802,"2006-02-15 05:05:03",22,ELVIS,MARX,"2006-02-15 04:34:33"
912,"TROJAN TOMORROW","A Astounding Panorama of a Husband And a Sumo Wrestler who must Pursue a Boat in Ancient India",2006,1,NULL,3,2.99,52,9.99,PG,"Commentaries,Deleted Scenes","2006-02-15 05:03:42",22,912,"2006-02-15 05:05:03",22,ELVIS,MARX,"2006-02-15 04:34:33"
964,"WATERFRONT DELIVERANCE","A Unbelieveable Documentary of a Dentist And a Technical Writer who must Build a Womanizer in Nigeria",2006,1,NULL,4,4.99,61,17.99,G,"Behind the Scenes","2006-02-15 05:03:42",22,964,"2006-02-15 05:05:03",22,ELVIS,MARX,"2006-02-15 04:34:33"
6,"AGENT TRUMAN","A Intrepid Panorama of a Robot And a Boy who must Escape a Sumo Wrestler in Ancient China",2006,1,NULL,3,2.99,169,17.99,PG,"Deleted Scenes","2006-02-15 05:03:42",23,6,"2006-02-15 05:05:03",23,SANDRA,KILMER,"2006-02-15 04:34:33"
42,"ARTIST COLDBLOODED","A Stunning Reflection of a Robot And a Moose who must Challenge a Woman in California",2006,1,NULL,5,2.99,170,10.99,NC-17,"Trailers,Behind the Scenes","2006-02-15 05:03:42",23,42,"2006-02-15 05:05:03",23,SANDRA,KILMER,"2006-02-15 04:34:33"
78,"BLACKOUT PRIVATE","A Intrepid Yarn of a Pastry Chef And a Mad Scientist who must Challenge a Secret Agent in Ancient Japan",2006,1,NULL,7,2.99,85,12.99,PG,"Trailers,Deleted Scenes","2006-02-15 05:03:42",23,78,"2006-02-15 05:05:03",23,SANDRA,KILMER,"2006-02-15 04:34:33"
105,"BULL SHAWSHANK","A Fanciful Drama of a Moose And a Squirrel who must Conquer a Pioneer in The Canadian Rockies",2006,1,NULL,6,0.99,125,21.99,NC-17,"Deleted Scenes","2006-02-15 05:03:42",23,105,"2006-02-15 05:05:03",23,SANDRA,KILMER,"2006-02-15 04:34:33"
116,"CANDIDATE PERDITION","A Brilliant Epistle of a Composer And a Database Administrator who must Vanquish a Mad Scientist in The First Manned Space Station",2006,1,NULL,4,2.99,70,10.99,R,"Deleted Scenes,Behind the Scenes","2006-02-15 05:03:42",23,116,"2006-02-15 05:05:03",23,SANDRA,KILMER,"2006-02-15 04:34:33"
117,"CANDLES GRAPES","A Fanciful Character Study of a Monkey And a Explorer who must Build a Astronaut in An Abandoned Fun House",2006,1,NULL,6,4.99,135,15.99,NC-17,"Trailers,Deleted Scenes","2006-02-15 05:03:42",23,117,"2006-02-15 05:05:03",23,SANDRA,KILMER,"2006-02-15 04:34:33"
125,"CASSIDY WYOMING","A Intrepid Drama of a Frisbee And a Hunter who must Kill a Secret Agent in New Orleans",2006,1,NULL,5,2.99,61,19.99,NC-17,"Commentaries,Behind the Scenes","2006-02-15 05:03:42",23,125,"2006-02-15 05:05:03",23,SANDRA,KILMER,"2006-02-15 04:34:33"
212,"DARN FORRESTER","A Fateful Story of a A Shark And a Explorer who must Succumb a Technical Writer in A Jet Boat",2006,1,NULL,7,4.99,185,14.99,G,"Deleted Scenes","2006-02-15 05:03:42",23,212,"2006-02-15 05:05:03",23,SANDRA,KILMER,"2006-02-15 04:34:33"
226,"DESTINY SATURDAY","A Touching Drama of a Crocodile And a Crocodile who must Conquer a Explorer in Soviet Georgia",2006,1,NULL,4,4.99,56,20.99,G,"Trailers,Commentaries,Behind the Scenes","2006-02-15 05:03:42",23,226,"2006-02-15 05:05:03",23,SANDRA,KILMER,"2006-02-15 04:34:33"
235,"DIVIDE MONSTER","A Intrepid Saga of a Man And a Forensic Psychologist who must Reach a Squirrel in A Monastery",2006,1,NULL,6,2.99,68,13.99,PG-13,"Trailers,Commentaries","2006-02-15 05:03:42",23,235,"2006-02-15 05:05:03",23,SANDRA,KILMER,"2006-02-15 04:34:33"
254,"DRIVER ANNIE","A Lacklusture Character Study of a Butler And a Car who must Redeem a Boat in An Abandoned Fun House",2006,1,NULL,4,2.99,159,11.99,PG-13,"Trailers,Deleted Scenes,Behind the Scenes","2006-02-15 05:03:42",23,254,"2006-02-15 05:05:03",23,SANDRA,KILMER,"2006-02-15 04:34:33"
367,"GOLDMINE TYCOON","A Brilliant Epistle of a Composer And a Frisbee who must Conquer a Husband in The Outback",2006,1,NULL,6,0.99,153,20.99,R,"Trailers,Behind the Scenes","2006-02-15 05:03:42",23,367,"2006-02-15 05:05:03",23,SANDRA,KILMER,"2006-02-15 04:34:33"
370,"GORGEOUS BINGO","A Action-Packed Display of a Sumo Wrestler And a Car who must Overcome a Waitress in A Baloon Factory",2006,1,NULL,4,2.99,108,26.99,R,"Deleted Scenes,Behind the Scenes","2006-02-15 05:03:42",23,370,"2006-02-15 05:05:03",23,SANDRA,KILMER,"2006-02-15 04:34:33"
414,"HELLFIGHTERS SIERRA","A Taut Reflection of a A Shark And a Dentist who must Battle a Boat in Soviet Georgia",2006,1,NULL,3,2.99,75,23.99,PG,"Deleted Scenes,Behind the Scenes","2006-02-15 05:03:42",23,414,"2006-02-15 05:05:03",23,SANDRA,KILMER,"2006-02-15 04:34:33"
419,"HOCUS FRIDA","A Awe-Inspiring Tale of a Girl And a Madman who must Outgun a Student in A Shark Tank",2006,1,NULL,4,2.99,141,19.99,G,"Trailers,Deleted Scenes,Behind the Scenes","2006-02-15 05:03:42",23,419,"2006-02-15 05:05:03",23,SANDRA,KILMER,"2006-02-15 04:34:33"
435,"HOTEL HAPPINESS","A Thrilling Yarn of a Pastry Chef And a A Shark who must Challenge a Mad Scientist in The Outback",2006,1,NULL,6,4.99,181,28.99,PG-13,"Behind the Scenes","2006-02-15 05:03:42",23,435,"2006-02-15 05:05:03",23,SANDRA,KILMER,"2006-02-15 04:34:33"
449,"IDENTITY LOVER","A Boring Tale of a Composer And a Mad Cow who must Defeat a Car in The Outback",2006,1,NULL,4,2.99,119,12.99,PG-13,"Deleted Scenes","2006-02-15 05:03:42",23,449,"2006-02-15 05:05:03",23,SANDRA,KILMER,"2006-02-15 04:34:33"
491,"JUMPING WRATH","A Touching Epistle of a Monkey And a Feminist who must Discover a Boat in Berlin",2006,1,NULL,4,0.99,74,18.99,NC-17,"Commentaries,Behind the Scenes","2006-02-15 05:03:42",23,491,"2006-02-15 05:05:03",23,SANDRA,KILMER,"2006-02-15 04:34:33"
536,"LOVELY JINGLE","A Fanciful Yarn of a Crocodile And a Forensic Psychologist who must Discover a Crocodile in The Outback",2006,1,NULL,3,2.99,65,18.99,PG,"Trailers,Behind the Scenes","2006-02-15 05:03:42",23,536,"2006-02-15 05:05:03",23,SANDRA,KILMER,"2006-02-15 04:34:33"
549,"MAGNOLIA FORRESTER","A Thoughtful Documentary of a Composer And a Explorer who must Conquer a Dentist in New Orleans",2006,1,NULL,4,0.99,171,28.99,PG-13,"Trailers,Commentaries,Deleted Scenes","2006-02-15 05:03:42",23,549,"2006-02-15 05:05:03",23,SANDRA,KILMER,"2006-02-15 04:34:33"
636,"OLEANDER CLUE","A Boring Story of a Teacher And a Monkey who must Succumb a Forensic Psychologist in A Jet Boat",2006,1,NULL,5,0.99,161,12.99,PG,"Commentaries,Deleted Scenes","2006-02-15 05:03:42",23,636,"2006-02-15 05:05:03",23,SANDRA,KILMER,"2006-02-15 04:34:33"
649,"OZ LIAISONS","A Epic Yarn of a Mad Scientist And a Cat who must Confront a Womanizer in A Baloon Factory",2006,1,NULL,4,2.99,85,14.99,R,"Commentaries,Deleted Scenes,Behind the Scenes","2006-02-15 05:03:42",23,649,"2006-02-15 05:05:03",23,SANDRA,KILMER,"2006-02-15 04:34:33"
673,"PERSONAL LADYBUGS","A Epic Saga of a Hunter And a Technical Writer who must Conquer a Cat in Ancient Japan",2006,1,NULL,3,0.99,118,19.99,PG-13,"Deleted Scenes,Behind the Scenes","2006-02-15 05:03:42",23,673,"2006-02-15 05:05:03",23,SANDRA,KILMER,"2006-02-15 04:34:33"
691,"POSEIDON FOREVER","A Thoughtful Epistle of a Womanizer And a Monkey who must Vanquish a Dentist in A Monastery",2006,1,NULL,6,4.99,159,29.99,PG-13,Commentaries,"2006-02-15 05:03:42",23,691,"2006-02-15 05:05:03",23,SANDRA,KILMER,"2006-02-15 04:34:33"
766,"SAVANNAH TOWN","A Awe-Inspiring Tale of a Astronaut And a Database Administrator who must Chase a Secret Agent in The Gulf of Mexico",2006,1,NULL,5,0.99,84,25.99,PG-13,"Commentaries,Deleted Scenes,Behind the Scenes","2006-02-15 05:03:42",23,766,"2006-02-15 05:05:03",23,SANDRA,KILMER,"2006-02-15 04:34:33"
782,"SHAKESPEARE SADDLE","A Fast-Paced Panorama of a Lumberjack And a Database Administrator who must Defeat a Madman in A MySQL Convention",2006,1,NULL,6,2.99,60,26.99,PG-13,"Commentaries,Behind the Scenes","2006-02-15 05:03:42",23,782,"2006-02-15 05:05:03",23,SANDRA,KILMER,"2006-02-15 04:34:33"
804,"SLEEPING SUSPECTS","A Stunning Reflection of a Sumo Wrestler And a Explorer who must Sink a Frisbee in A MySQL Convention",2006,1,NULL,7,4.99,129,13.99,PG-13,"Trailers,Commentaries","2006-02-15 05:03:42",23,804,"2006-02-15 05:05:03",23,SANDRA,KILMER,"2006-02-15 04:34:33"
820,"SONS INTERVIEW","A Taut Character Study of a Explorer And a Mad Cow who must Battle a Hunter in Ancient China",2006,1,NULL,3,2.99,184,11.99,NC-17,"Commentaries,Behind the Scenes","2006-02-15 05:03:42",23,820,"2006-02-15 05:05:03",23,SANDRA,KILMER,"2006-02-15 04:34:33"
826,"SPEED SUIT","A Brilliant Display of a Frisbee And a Mad Scientist who must Succumb a Robot in Ancient China",2006,1,NULL,7,4.99,124,19.99,PG-13,"Commentaries,Behind the Scenes","2006-02-15 05:03:42",23,826,"2006-02-15 05:05:03",23,SANDRA,KILMER,"2006-02-15 04:34:33"
833,"SPLENDOR PATTON","A Taut Story of a Dog And a Explorer who must Find a Astronaut in Berlin",2006,1,NULL,5,0.99,134,20.99,R,"Trailers,Commentaries,Deleted Scenes,Behind the Scenes","2006-02-15 05:03:42",23,833,"2006-02-15 05:05:03",23,SANDRA,KILMER,"2006-02-15 04:34:33"
842,"STATE WASTELAND","A Beautiful Display of a Cat And a Pastry Chef who must Outrace a Mad Cow in A Jet Boat",2006,1,NULL,4,2.99,113,13.99,NC-17,"Trailers,Commentaries,Deleted Scenes,Behind the Scenes","2006-02-15 05:03:42",23,842,"2006-02-15 05:05:03",23,SANDRA,KILMER,"2006-02-15 04:34:33"
853,"STRANGER STRANGERS","A Awe-Inspiring Yarn of a Womanizer And a Explorer who must Fight a Woman in The First Manned Space Station",2006,1,NULL,3,4.99,139,12.99,G,"Commentaries,Deleted Scenes","2006-02-15 05:03:42",23,853,"2006-02-15 05:05:03",23,SANDRA,KILMER,"2006-02-15 04:34:33"
855,"STREAK RIDGEMONT","A Astounding Character Study of a Hunter And a Waitress who must Sink a Man in New Orleans",2006,1,NULL,7,0.99,132,28.99,PG-13,"Trailers,Behind the Scenes","2006-02-15 05:03:42",23,855,"2006-02-15 05:05:03",23,SANDRA,KILMER,"2006-02-15 04:34:33"
856,"STREETCAR INTENTIONS","A Insightful Character Study of a Waitress And a Crocodile who must Sink a Waitress in The Gulf of Mexico",2006,1,NULL,5,4.99,73,11.99,R,Commentaries,"2006-02-15 05:03:42",23,856,"2006-02-15 05:05:03",23,SANDRA,KILMER,"2006-02-15 04:34:33"
935,"VANISHED GARDEN","A Intrepid Character Study of a Squirrel And a A Shark who must Kill a Lumberjack in California",2006,1,NULL,5,0.99,142,17.99,R,"Trailers,Commentaries,Deleted Scenes","2006-02-15 05:03:42",23,935,"2006-02-15 05:05:03",23,SANDRA,KILMER,"2006-02-15 04:34:33"
981,"WOLVES DESIRE","A Fast-Paced Drama of a Squirrel And a Robot who must Succumb a Technical Writer in A Manhattan Penthouse",2006,1,NULL,7,0.99,55,13.99,NC-17,"Behind the Scenes","2006-02-15 05:03:42",23,981,"2006-02-15 05:05:03",23,SANDRA,KILMER,"2006-02-15 04:34:33"
997,"YOUTH KICK","A Touching Drama of a Teacher And a Cat who must Challenge a Technical Writer in A U-Boat",2006,1,NULL,4,0.99,179,14.99,NC-17,"Trailers,Behind the Scenes","2006-02-15 05:03:42",23,997,"2006-02-15 05:05:03",23,SANDRA,KILMER,"2006-02-15 04:34:33"
3,"ADAPTATION HOLES","A Astounding Reflection of a Lumberjack And a Car who must Sink a Lumberjack in A Baloon Factory",2006,1,NULL,7,2.99,50,18.99,NC-17,"Trailers,Deleted Scenes","2006-02-15 05:03:42",24,3,"2006-02-15 05:05:03",24,CAMERON,STREEP,"2006-02-15 04:34:33"
83,"BLUES INSTINCT","A Insightful Documentary of a Boat And a Composer who must Meet a Forensic Psychologist in An Abandoned Fun House",2006,1,NULL,5,2.99,50,18.99,G,"Trailers,Deleted Scenes,Behind the Scenes","2006-02-15 05:03:42",24,83,"2006-02-15 05:05:03",24,CAMERON,STREEP,"2006-02-15 04:34:33"
112,"CALENDAR GUNFIGHT","A Thrilling Drama of a Frisbee And a Lumberjack who must Sink a Man in Nigeria",2006,1,NULL,4,4.99,120,22.99,NC-17,"Trailers,Commentaries,Behind the Scenes","2006-02-15 05:03:42",24,112,"2006-02-15 05:05:03",24,CAMERON,STREEP,"2006-02-15 04:34:33"
126,"CASUALTIES ENCINO","A Insightful Yarn of a A Shark And a Pastry Chef who must Face a Boy in A Monastery",2006,1,NULL,3,4.99,179,16.99,G,Trailers,"2006-02-15 05:03:42",24,126,"2006-02-15 05:05:03",24,CAMERON,STREEP,"2006-02-15 04:34:33"
148,"CHOCOLATE DUCK","A Unbelieveable Story of a Mad Scientist And a Technical Writer who must Discover a Composer in Ancient China",2006,1,NULL,3,2.99,132,13.99,R,"Trailers,Commentaries,Behind the Scenes","2006-02-15 05:03:42",24,148,"2006-02-15 05:05:03",24,CAMERON,STREEP,"2006-02-15 04:34:33"
164,"COAST RAINBOW","A Astounding Documentary of a Mad Cow And a Pioneer who must Challenge a Butler in The Sahara Desert",2006,1,NULL,4,0.99,55,20.99,PG,"Trailers,Commentaries,Deleted Scenes,Behind the Scenes","2006-02-15 05:03:42",24,164,"2006-02-15 05:05:03",24,CAMERON,STREEP,"2006-02-15 04:34:33"
178,"CONNECTION MICROCOSMOS","A Fateful Documentary of a Crocodile And a Husband who must Face a Husband in The First Manned Space Station",2006,1,NULL,6,0.99,115,25.99,G,"Deleted Scenes,Behind the Scenes","2006-02-15 05:03:42",24,178,"2006-02-15 05:05:03",24,CAMERON,STREEP,"2006-02-15 04:34:33"
194,"CROW GREASE","A Awe-Inspiring Documentary of a Woman And a Husband who must Sink a Database Administrator in The First Manned Space Station",2006,1,NULL,6,0.99,104,22.99,PG,"Trailers,Commentaries,Behind the Scenes","2006-02-15 05:03:42",24,194,"2006-02-15 05:05:03",24,CAMERON,STREEP,"2006-02-15 04:34:33"
199,"CUPBOARD SINNERS","A Emotional Reflection of a Frisbee And a Boat who must Reach a Pastry Chef in An Abandoned Amusement Park",2006,1,NULL,4,2.99,56,29.99,R,"Behind the Scenes","2006-02-15 05:03:42",24,199,"2006-02-15 05:05:03",24,CAMERON,STREEP,"2006-02-15 04:34:33"
242,"DOOM DANCING","A Astounding Panorama of a Car And a Mad Scientist who must Battle a Lumberjack in A MySQL Convention",2006,1,NULL,4,0.99,68,13.99,R,"Trailers,Commentaries","2006-02-15 05:03:42",24,242,"2006-02-15 05:05:03",24,CAMERON,STREEP,"2006-02-15 04:34:33"
256,"DROP WATERFRONT","A Fanciful Documentary of a Husband And a Explorer who must Reach a Madman in Ancient China",2006,1,NULL,6,4.99,178,20.99,R,"Trailers,Commentaries","2006-02-15 05:03:42",24,256,"2006-02-15 05:05:03",24,CAMERON,STREEP,"2006-02-15 04:34:33"
277,"ELEPHANT TROJAN","A Beautiful Panorama of a Lumberjack And a Forensic Psychologist who must Overcome a Frisbee in A Baloon",2006,1,NULL,4,4.99,126,24.99,PG-13,"Behind the Scenes","2006-02-15 05:03:42",24,277,"2006-02-15 05:05:03",24,CAMERON,STREEP,"2006-02-15 04:34:33"
335,"FREEDOM CLEOPATRA","A Emotional Reflection of a Dentist And a Mad Cow who must Face a Squirrel in A Baloon",2006,1,NULL,5,0.99,133,23.99,PG-13,"Trailers,Commentaries,Behind the Scenes","2006-02-15 05:03:42",24,335,"2006-02-15 05:05:03",24,CAMERON,STREEP,"2006-02-15 04:34:33"
405,"HAUNTED ANTITRUST","A Amazing Saga of a Man And a Dentist who must Reach a Technical Writer in Ancient India",2006,1,NULL,6,4.99,76,13.99,NC-17,"Trailers,Deleted Scenes","2006-02-15 05:03:42",24,405,"2006-02-15 05:05:03",24,CAMERON,STREEP,"2006-02-15 04:34:33"
463,"INSTINCT AIRPORT","A Touching Documentary of a Mad Cow And a Explorer who must Confront a Butler in A Manhattan Penthouse",2006,1,NULL,4,2.99,116,21.99,PG,"Commentaries,Deleted Scenes","2006-02-15 05:03:42",24,463,"2006-02-15 05:05:03",24,CAMERON,STREEP,"2006-02-15 04:34:33"
515,"LEGALLY SECRETARY","A Astounding Tale of a A Shark And a Moose who must Meet a Womanizer in The Sahara Desert",2006,1,NULL,7,4.99,113,14.99,PG,"Trailers,Commentaries,Behind the Scenes","2006-02-15 05:03:42",24,515,"2006-02-15 05:05:03",24,CAMERON,STREEP,"2006-02-15 04:34:33"
585,"MOB DUFFEL","A Unbelieveable Documentary of a Frisbee And a Boat who must Meet a Boy in The Canadian Rockies",2006,1,NULL,4,0.99,105,25.99,G,Trailers,"2006-02-15 05:03:42",24,585,"2006-02-15 05:05:03",24,CAMERON,STREEP,"2006-02-15 04:34:33"
603,"MOVIE SHAKESPEARE","A Insightful Display of a Database Administrator And a Student who must Build a Hunter in Berlin",2006,1,NULL,6,4.99,53,27.99,PG,"Commentaries,Deleted Scenes,Behind the Scenes","2006-02-15 05:03:42",24,603,"2006-02-15 05:05:03",24,CAMERON,STREEP,"2006-02-15 04:34:33"
653,"PANIC CLUB","A Fanciful Display of a Teacher And a Crocodile who must Succumb a Girl in A Baloon",2006,1,NULL,3,4.99,102,15.99,G,"Commentaries,Deleted Scenes","2006-02-15 05:03:42",24,653,"2006-02-15 05:05:03",24,CAMERON,STREEP,"2006-02-15 04:34:33"
704,"PURE RUNNER","A Thoughtful Documentary of a Student And a Madman who must Challenge a Squirrel in A Manhattan Penthouse",2006,1,NULL,3,2.99,121,25.99,NC-17,"Trailers,Deleted Scenes","2006-02-15 05:03:42",24,704,"2006-02-15 05:05:03",24,CAMERON,STREEP,"2006-02-15 04:34:33"
781,"SEVEN SWARM","A Unbelieveable Character Study of a Dog And a Mad Cow who must Kill a Monkey in Berlin",2006,1,NULL,4,4.99,127,15.99,R,"Deleted Scenes","2006-02-15 05:03:42",24,781,"2006-02-15 05:05:03",24,CAMERON,STREEP,"2006-02-15 04:34:33"
829,"SPINAL ROCKY","A Lacklusture Epistle of a Sumo Wrestler And a Squirrel who must Defeat a Explorer in California",2006,1,NULL,7,2.99,138,12.99,PG-13,"Commentaries,Deleted Scenes","2006-02-15 05:03:42",24,829,"2006-02-15 05:05:03",24,CAMERON,STREEP,"2006-02-15 04:34:33"
832,"SPLASH GUMP","A Taut Saga of a Crocodile And a Boat who must Conquer a Hunter in A Shark Tank",2006,1,NULL,5,0.99,175,16.99,PG,"Trailers,Commentaries,Deleted Scenes,Behind the Scenes","2006-02-15 05:03:42",24,832,"2006-02-15 05:05:03",24,CAMERON,STREEP,"2006-02-15 04:34:33"
969,"WEST LION","A Intrepid Drama of a Butler And a Lumberjack who must Challenge a Database Administrator in A Manhattan Penthouse",2006,1,NULL,4,4.99,159,29.99,G,Trailers,"2006-02-15 05:03:42",24,969,"2006-02-15 05:05:03",24,CAMERON,STREEP,"2006-02-15 04:34:33"
21,"AMERICAN CIRCUS","A Insightful Drama of a Girl And a Astronaut who must Face a Database Administrator in A Shark Tank",2006,1,NULL,3,4.99,129,17.99,R,"Commentaries,Behind the Scenes","2006-02-15 05:03:42",25,21,"2006-02-15 05:05:03",25,KEVIN,BLOOM,"2006-02-15 04:34:33"
86,"BOOGIE AMELIE","A Lacklusture Character Study of a Husband And a Sumo Wrestler who must Succumb a Technical Writer in The Gulf of Mexico",2006,1,NULL,6,4.99,121,11.99,R,"Commentaries,Behind the Scenes","2006-02-15 05:03:42",25,86,"2006-02-15 05:05:03",25,KEVIN,BLOOM,"2006-02-15 04:34:33"
153,"CITIZEN SHREK","A Fanciful Character Study of a Technical Writer And a Husband who must Redeem a Robot in The Outback",2006,1,NULL,7,0.99,165,18.99,G,"Commentaries,Deleted Scenes","2006-02-15 05:03:42",25,153,"2006-02-15 05:05:03",25,KEVIN,BLOOM,"2006-02-15 04:34:33"
179,"CONQUERER NUTS","A Taut Drama of a Mad Scientist And a Man who must Escape a Pioneer in An Abandoned Mine Shaft",2006,1,NULL,4,4.99,173,14.99,G,"Commentaries,Deleted Scenes,Behind the Scenes","2006-02-15 05:03:42",25,179,"2006-02-15 05:05:03",25,KEVIN,BLOOM,"2006-02-15 04:34:33"
204,"DALMATIONS SWEDEN","A Emotional Epistle of a Moose And a Hunter who must Overcome a Robot in A Manhattan Penthouse",2006,1,NULL,4,0.99,106,25.99,PG,"Trailers,Commentaries,Deleted Scenes","2006-02-15 05:03:42",25,204,"2006-02-15 05:05:03",25,KEVIN,BLOOM,"2006-02-15 04:34:33"
213,"DATE SPEED","A Touching Saga of a Composer And a Moose who must Discover a Dentist in A MySQL Convention",2006,1,NULL,4,0.99,104,19.99,R,Commentaries,"2006-02-15 05:03:42",25,213,"2006-02-15 05:05:03",25,KEVIN,BLOOM,"2006-02-15 04:34:33"
226,"DESTINY SATURDAY","A Touching Drama of a Crocodile And a Crocodile who must Conquer a Explorer in Soviet Georgia",2006,1,NULL,4,4.99,56,20.99,G,"Trailers,Commentaries,Behind the Scenes","2006-02-15 05:03:42",25,226,"2006-02-15 05:05:03",25,KEVIN,BLOOM,"2006-02-15 04:34:33"
245,"DOUBLE WRATH","A Thoughtful Yarn of a Womanizer And a Dog who must Challenge a Madman in The Gulf of Mexico",2006,1,NULL,4,0.99,177,28.99,R,"Trailers,Deleted Scenes,Behind the Scenes","2006-02-15 05:03:42",25,245,"2006-02-15 05:05:03",25,KEVIN,BLOOM,"2006-02-15 04:34:33"
311,"FICTION CHRISTMAS","A Emotional Yarn of a A Shark And a Student who must Battle a Robot in An Abandoned Mine Shaft",2006,1,NULL,4,0.99,72,14.99,PG,"Trailers,Commentaries,Deleted Scenes,Behind the Scenes","2006-02-15 05:03:42",25,311,"2006-02-15 05:05:03",25,KEVIN,BLOOM,"2006-02-15 04:34:33"
404,"HATE HANDICAP","A Intrepid Reflection of a Mad Scientist And a Pioneer who must Overcome a Hunter in The First Manned Space Station",2006,1,NULL,4,0.99,107,26.99,PG,"Trailers,Commentaries,Behind the Scenes","2006-02-15 05:03:42",25,404,"2006-02-15 05:05:03",25,KEVIN,BLOOM,"2006-02-15 04:34:33"
411,"HEAVENLY GUN","A Beautiful Yarn of a Forensic Psychologist And a Frisbee who must Battle a Moose in A Jet Boat",2006,1,NULL,5,4.99,49,13.99,NC-17,"Behind the Scenes","2006-02-15 05:03:42",25,411,"2006-02-15 05:05:03",25,KEVIN,BLOOM,"2006-02-15 04:34:33"
420,"HOLES BRANNIGAN","A Fast-Paced Reflection of a Technical Writer And a Student who must Fight a Boy in The Canadian Rockies",2006,1,NULL,7,4.99,128,27.99,PG,"Commentaries,Behind the Scenes","2006-02-15 05:03:42",25,420,"2006-02-15 05:05:03",25,KEVIN,BLOOM,"2006-02-15 04:34:33"
538,"LOVERBOY ATTACKS","A Boring Story of a Car And a Butler who must Build a Girl in Soviet Georgia",2006,1,NULL,7,0.99,162,19.99,PG-13,"Trailers,Behind the Scenes","2006-02-15 05:03:42",25,538,"2006-02-15 05:05:03",25,KEVIN,BLOOM,"2006-02-15 04:34:33"
564,"MASSAGE IMAGE","A Fateful Drama of a Frisbee And a Crocodile who must Vanquish a Dog in The First Manned Space Station",2006,1,NULL,4,2.99,161,11.99,PG,"Commentaries,Behind the Scenes","2006-02-15 05:03:42",25,564,"2006-02-15 05:05:03",25,KEVIN,BLOOM,"2006-02-15 04:34:33"
583,"MISSION ZOOLANDER","A Intrepid Story of a Sumo Wrestler And a Teacher who must Meet a A Shark in An Abandoned Fun House",2006,1,NULL,3,4.99,164,26.99,PG-13,"Behind the Scenes","2006-02-15 05:03:42",25,583,"2006-02-15 05:05:03",25,KEVIN,BLOOM,"2006-02-15 04:34:33"
606,"MUMMY CREATURES","A Fateful Character Study of a Crocodile And a Monkey who must Meet a Dentist in Australia",2006,1,NULL,3,0.99,160,15.99,NC-17,"Trailers,Behind the Scenes","2006-02-15 05:03:42",25,606,"2006-02-15 05:05:03",25,KEVIN,BLOOM,"2006-02-15 04:34:33"
688,"POLISH BROOKLYN","A Boring Character Study of a Database Administrator And a Lumberjack who must Reach a Madman in The Outback",2006,1,NULL,6,0.99,61,12.99,PG,"Trailers,Commentaries,Deleted Scenes,Behind the Scenes","2006-02-15 05:03:42",25,688,"2006-02-15 05:05:03",25,KEVIN,BLOOM,"2006-02-15 04:34:33"
697,"PRIMARY GLASS","A Fateful Documentary of a Pastry Chef And a Butler who must Build a Dog in The Canadian Rockies",2006,1,NULL,7,0.99,53,16.99,G,"Trailers,Deleted Scenes,Behind the Scenes","2006-02-15 05:03:42",25,697,"2006-02-15 05:05:03",25,KEVIN,BLOOM,"2006-02-15 04:34:33"
755,"SABRINA MIDNIGHT","A Emotional Story of a Squirrel And a Crocodile who must Succumb a Husband in The Sahara Desert",2006,1,NULL,5,4.99,99,11.99,PG,"Trailers,Behind the Scenes","2006-02-15 05:03:42",25,755,"2006-02-15 05:05:03",25,KEVIN,BLOOM,"2006-02-15 04:34:33"
871,"SWEDEN SHINING","A Taut Documentary of a Car And a Robot who must Conquer a Boy in The Canadian Rockies",2006,1,NULL,6,4.99,176,19.99,PG,"Deleted Scenes,Behind the Scenes","2006-02-15 05:03:42",25,871,"2006-02-15 05:05:03",25,KEVIN,BLOOM,"2006-02-15 04:34:33"
914,"TROUBLE DATE","A Lacklusture Panorama of a Forensic Psychologist And a Woman who must Kill a Explorer in Ancient Japan",2006,1,NULL,6,2.99,61,13.99,PG,"Trailers,Commentaries,Behind the Scenes","2006-02-15 05:03:42",25,914,"2006-02-15 05:05:03",25,KEVIN,BLOOM,"2006-02-15 04:34:33"
9,"ALABAMA DEVIL","A Thoughtful Panorama of a Database Administrator And a Mad Scientist who must Outgun a Mad Scientist in A Jet Boat",2006,1,NULL,3,2.99,114,21.99,PG-13,"Trailers,Deleted Scenes","2006-02-15 05:03:42",26,9,"2006-02-15 05:05:03",26,RIP,CRAWFORD,"2006-02-15 04:34:33"
21,"AMERICAN CIRCUS","A Insightful Drama of a Girl And a Astronaut who must Face a Database Administrator in A Shark Tank",2006,1,NULL,3,4.99,129,17.99,R,"Commentaries,Behind the Scenes","2006-02-15 05:03:42",26,21,"2006-02-15 05:05:03",26,RIP,CRAWFORD,"2006-02-15 04:34:33"
34,"ARABIA DOGMA","A Touching Epistle of a Madman And a Mad Cow who must Defeat a Student in Nigeria",2006,1,NULL,6,0.99,62,29.99,NC-17,"Commentaries,Deleted Scenes","2006-02-15 05:03:42",26,34,"2006-02-15 05:05:03",26,RIP,CRAWFORD,"2006-02-15 04:34:33"
90,"BOULEVARD MOB","A Fateful Epistle of a Moose And a Monkey who must Confront a Lumberjack in Ancient China",2006,1,NULL,3,0.99,63,11.99,R,Trailers,"2006-02-15 05:03:42",26,90,"2006-02-15 05:05:03",26,RIP,CRAWFORD,"2006-02-15 04:34:33"
93,"BRANNIGAN SUNRISE","A Amazing Epistle of a Moose And a Crocodile who must Outrace a Dog in Berlin",2006,1,NULL,4,4.99,121,27.99,PG,Trailers,"2006-02-15 05:03:42",26,93,"2006-02-15 05:05:03",26,RIP,CRAWFORD,"2006-02-15 04:34:33"
103,"BUCKET BROTHERHOOD","A Amazing Display of a Girl And a Womanizer who must Succumb a Lumberjack in A Baloon Factory",2006,1,NULL,7,4.99,133,27.99,PG,"Commentaries,Deleted Scenes","2006-02-15 05:03:42",26,103,"2006-02-15 05:05:03",26,RIP,CRAWFORD,"2006-02-15 04:34:33"
147,"CHOCOLAT HARRY","A Action-Packed Epistle of a Dentist And a Moose who must Meet a Mad Cow in Ancient Japan",2006,1,NULL,5,0.99,101,16.99,NC-17,"Commentaries,Behind the Scenes","2006-02-15 05:03:42",26,147,"2006-02-15 05:05:03",26,RIP,CRAWFORD,"2006-02-15 04:34:33"
186,"CRAFT OUTFIELD","A Lacklusture Display of a Explorer And a Hunter who must Succumb a Database Administrator in A Baloon Factory",2006,1,NULL,6,0.99,64,17.99,NC-17,"Deleted Scenes,Behind the Scenes","2006-02-15 05:03:42",26,186,"2006-02-15 05:05:03",26,RIP,CRAWFORD,"2006-02-15 04:34:33"
201,"CYCLONE FAMILY","A Lacklusture Drama of a Student And a Monkey who must Sink a Womanizer in A MySQL Convention",2006,1,NULL,7,2.99,176,18.99,PG,"Trailers,Deleted Scenes","2006-02-15 05:03:42",26,201,"2006-02-15 05:05:03",26,RIP,CRAWFORD,"2006-02-15 04:34:33"
225,"DESTINATION JERK","A Beautiful Yarn of a Teacher And a Cat who must Build a Car in A U-Boat",2006,1,NULL,3,0.99,76,19.99,PG-13,"Trailers,Commentaries,Behind the Scenes","2006-02-15 05:03:42",26,225,"2006-02-15 05:05:03",26,RIP,CRAWFORD,"2006-02-15 04:34:33"
241,"DONNIE ALLEY","A Awe-Inspiring Tale of a Butler And a Frisbee who must Vanquish a Teacher in Ancient Japan",2006,1,NULL,4,0.99,125,20.99,NC-17,"Trailers,Commentaries,Behind the Scenes","2006-02-15 05:03:42",26,241,"2006-02-15 05:05:03",26,RIP,CRAWFORD,"2006-02-15 04:34:33"
327,"FOOL MOCKINGBIRD","A Lacklusture Tale of a Crocodile And a Composer who must Defeat a Madman in A U-Boat",2006,1,NULL,3,4.99,158,24.99,PG,"Trailers,Commentaries","2006-02-15 05:03:42",26,327,"2006-02-15 05:05:03",26,RIP,CRAWFORD,"2006-02-15 04:34:33"
329,"FORREST SONS","A Thrilling Documentary of a Forensic Psychologist And a Butler who must Defeat a Explorer in A Jet Boat",2006,1,NULL,4,2.99,63,15.99,R,Commentaries,"2006-02-15 05:03:42",26,329,"2006-02-15 05:05:03",26,RIP,CRAWFORD,"2006-02-15 04:34:33"
340,"FRONTIER CABIN","A Emotional Story of a Madman And a Waitress who must Battle a Teacher in An Abandoned Fun House",2006,1,NULL,6,4.99,183,14.99,PG-13,"Commentaries,Deleted Scenes","2006-02-15 05:03:42",26,340,"2006-02-15 05:05:03",26,RIP,CRAWFORD,"2006-02-15 04:34:33"
345,"GABLES METROPOLIS","A Fateful Display of a Cat And a Pioneer who must Challenge a Pastry Chef in A Baloon Factory",2006,1,NULL,3,0.99,161,17.99,PG,"Trailers,Commentaries","2006-02-15 05:03:42",26,345,"2006-02-15 05:05:03",26,RIP,CRAWFORD,"2006-02-15 04:34:33"
390,"GUYS FALCON","A Boring Story of a Woman And a Feminist who must Redeem a Squirrel in A U-Boat",2006,1,NULL,4,4.99,84,20.99,R,"Trailers,Commentaries,Behind the Scenes","2006-02-15 05:03:42",26,390,"2006-02-15 05:05:03",26,RIP,CRAWFORD,"2006-02-15 04:34:33"
392,"HALL CASSIDY","A Beautiful Panorama of a Pastry Chef And a A Shark who must Battle a Pioneer in Soviet Georgia",2006,1,NULL,5,4.99,51,13.99,NC-17,"Commentaries,Behind the Scenes","2006-02-15 05:03:42",26,392,"2006-02-15 05:05:03",26,RIP,CRAWFORD,"2006-02-15 04:34:33"
529,"LONELY ELEPHANT","A Intrepid Story of a Student And a Dog who must Challenge a Explorer in Soviet Georgia",2006,1,NULL,3,2.99,67,12.99,G,"Trailers,Commentaries,Deleted Scenes,Behind the Scenes","2006-02-15 05:03:42",26,529,"2006-02-15 05:05:03",26,RIP,CRAWFORD,"2006-02-15 04:34:33"
544,"MADISON TRAP","A Awe-Inspiring Reflection of a Monkey And a Dentist who must Overcome a Pioneer in A U-Boat",2006,1,NULL,4,2.99,147,11.99,R,"Commentaries,Deleted Scenes,Behind the Scenes","2006-02-15 05:03:42",26,544,"2006-02-15 05:05:03",26,RIP,CRAWFORD,"2006-02-15 04:34:33"
564,"MASSAGE IMAGE","A Fateful Drama of a Frisbee And a Crocodile who must Vanquish a Dog in The First Manned Space Station",2006,1,NULL,4,2.99,161,11.99,PG,"Commentaries,Behind the Scenes","2006-02-15 05:03:42",26,564,"2006-02-15 05:05:03",26,RIP,CRAWFORD,"2006-02-15 04:34:33"
635,"OKLAHOMA JUMANJI","A Thoughtful Drama of a Dentist And a Womanizer who must Meet a Husband in The Sahara Desert",2006,1,NULL,7,0.99,58,15.99,PG,"Behind the Scenes","2006-02-15 05:03:42",26,635,"2006-02-15 05:05:03",26,RIP,CRAWFORD,"2006-02-15 04:34:33"
644,"OSCAR GOLD","A Insightful Tale of a Database Administrator And a Dog who must Face a Madman in Soviet Georgia",2006,1,NULL,7,2.99,115,29.99,PG,"Behind the Scenes","2006-02-15 05:03:42",26,644,"2006-02-15 05:05:03",26,RIP,CRAWFORD,"2006-02-15 04:34:33"
682,"PITTSBURGH HUNCHBACK","A Thrilling Epistle of a Boy And a Boat who must Find a Student in Soviet Georgia",2006,1,NULL,4,4.99,134,17.99,PG-13,"Trailers,Deleted Scenes,Behind the Scenes","2006-02-15 05:03:42",26,682,"2006-02-15 05:05:03",26,RIP,CRAWFORD,"2006-02-15 04:34:33"
688,"POLISH BROOKLYN","A Boring Character Study of a Database Administrator And a Lumberjack who must Reach a Madman in The Outback",2006,1,NULL,6,0.99,61,12.99,PG,"Trailers,Commentaries,Deleted Scenes,Behind the Scenes","2006-02-15 05:03:42",26,688,"2006-02-15 05:05:03",26,RIP,CRAWFORD,"2006-02-15 04:34:33"
715,"RANGE MOONWALKER","A Insightful Documentary of a Hunter And a Dentist who must Confront a Crocodile in A Baloon",2006,1,NULL,3,4.99,147,25.99,PG,"Trailers,Commentaries,Deleted Scenes","2006-02-15 05:03:42",26,715,"2006-02-15 05:05:03",26,RIP,CRAWFORD,"2006-02-15 04:34:33"
732,"RINGS HEARTBREAKERS","A Amazing Yarn of a Sumo Wrestler And a Boat who must Conquer a Waitress in New Orleans",2006,1,NULL,5,0.99,58,17.99,G,"Trailers,Commentaries,Behind the Scenes","2006-02-15 05:03:42",26,732,"2006-02-15 05:05:03",26,RIP,CRAWFORD,"2006-02-15 04:34:33"
758,"SAINTS BRIDE","A Fateful Tale of a Technical Writer And a Composer who must Pursue a Explorer in The Gulf of Mexico",2006,1,NULL,5,2.99,125,11.99,G,"Deleted Scenes","2006-02-15 05:03:42",26,758,"2006-02-15 05:05:03",26,RIP,CRAWFORD,"2006-02-15 04:34:33"
764,"SATURDAY LAMBS","A Thoughtful Reflection of a Mad Scientist And a Moose who must Kill a Husband in A Baloon",2006,1,NULL,3,4.99,150,28.99,G,"Commentaries,Deleted Scenes","2006-02-15 05:03:42",26,764,"2006-02-15 05:05:03",26,RIP,CRAWFORD,"2006-02-15 04:34:33"
795,"SIEGE MADRE","A Boring Tale of a Frisbee And a Crocodile who must Vanquish a Moose in An Abandoned Mine Shaft",2006,1,NULL,7,0.99,111,23.99,R,"Trailers,Deleted Scenes","2006-02-15 05:03:42",26,795,"2006-02-15 05:05:03",26,RIP,CRAWFORD,"2006-02-15 04:34:33"
821,"SORORITY QUEEN","A Fast-Paced Display of a Squirrel And a Composer who must Fight a Forensic Psychologist in A Jet Boat",2006,1,NULL,6,0.99,184,17.99,NC-17,"Trailers,Deleted Scenes","2006-02-15 05:03:42",26,821,"2006-02-15 05:05:03",26,RIP,CRAWFORD,"2006-02-15 04:34:33"
885,"TEXAS WATCH","A Awe-Inspiring Yarn of a Student And a Teacher who must Fight a Teacher in An Abandoned Amusement Park",2006,1,NULL,7,0.99,179,22.99,NC-17,Trailers,"2006-02-15 05:03:42",26,885,"2006-02-15 05:05:03",26,RIP,CRAWFORD,"2006-02-15 04:34:33"
904,"TRAIN BUNCH","A Thrilling Character Study of a Robot And a Squirrel who must Face a Dog in Ancient India",2006,1,NULL,3,4.99,71,26.99,R,"Trailers,Deleted Scenes","2006-02-15 05:03:42",26,904,"2006-02-15 05:05:03",26,RIP,CRAWFORD,"2006-02-15 04:34:33"
906,"TRAMP OTHERS","A Brilliant Display of a Composer And a Cat who must Succumb a A Shark in Ancient India",2006,1,NULL,4,0.99,171,27.99,PG,"Deleted Scenes","2006-02-15 05:03:42",26,906,"2006-02-15 05:05:03",26,RIP,CRAWFORD,"2006-02-15 04:34:33"
19,"AMADEUS HOLY","A Emotional Display of a Pioneer And a Technical Writer who must Battle a Man in A Baloon",2006,1,NULL,6,0.99,113,20.99,PG,"Commentaries,Deleted Scenes,Behind the Scenes","2006-02-15 05:03:42",27,19,"2006-02-15 05:05:03",27,JULIA,MCQUEEN,"2006-02-15 04:34:33"
34,"ARABIA DOGMA","A Touching Epistle of a Madman And a Mad Cow who must Defeat a Student in Nigeria",2006,1,NULL,6,0.99,62,29.99,NC-17,"Commentaries,Deleted Scenes","2006-02-15 05:03:42",27,34,"2006-02-15 05:05:03",27,JULIA,MCQUEEN,"2006-02-15 04:34:33"
85,"BONNIE HOLOCAUST","A Fast-Paced Story of a Crocodile And a Robot who must Find a Moose in Ancient Japan",2006,1,NULL,4,0.99,63,29.99,G,"Deleted Scenes","2006-02-15 05:03:42",27,85,"2006-02-15 05:05:03",27,JULIA,MCQUEEN,"2006-02-15 04:34:33"
150,"CIDER DESIRE","A Stunning Character Study of a Composer And a Mad Cow who must Succumb a Cat in Soviet Georgia",2006,1,NULL,7,2.99,101,9.99,PG,"Behind the Scenes","2006-02-15 05:03:42",27,150,"2006-02-15 05:05:03",27,JULIA,MCQUEEN,"2006-02-15 04:34:33"
172,"CONEHEADS SMOOCHY","A Touching Story of a Womanizer And a Composer who must Pursue a Husband in Nigeria",2006,1,NULL,7,4.99,112,12.99,NC-17,"Deleted Scenes,Behind the Scenes","2006-02-15 05:03:42",27,172,"2006-02-15 05:05:03",27,JULIA,MCQUEEN,"2006-02-15 04:34:33"
273,"EFFECT GLADIATOR","A Beautiful Display of a Pastry Chef And a Pastry Chef who must Outgun a Forensic Psychologist in A Manhattan Penthouse",2006,1,NULL,6,0.99,107,14.99,PG,Commentaries,"2006-02-15 05:03:42",27,273,"2006-02-15 05:05:03",27,JULIA,MCQUEEN,"2006-02-15 04:34:33"
334,"FREDDY STORM","A Intrepid Saga of a Man And a Lumberjack who must Vanquish a Husband in The Outback",2006,1,NULL,6,4.99,65,21.99,NC-17,"Trailers,Commentaries,Behind the Scenes","2006-02-15 05:03:42",27,334,"2006-02-15 05:05:03",27,JULIA,MCQUEEN,"2006-02-15 04:34:33"
347,"GAMES BOWFINGER","A Astounding Documentary of a Butler And a Explorer who must Challenge a Butler in A Monastery",2006,1,NULL,7,4.99,119,17.99,PG-13,"Behind the Scenes","2006-02-15 05:03:42",27,347,"2006-02-15 05:05:03",27,JULIA,MCQUEEN,"2006-02-15 04:34:33"
359,"GLADIATOR WESTWARD","A Astounding Reflection of a Squirrel And a Sumo Wrestler who must Sink a Dentist in Ancient Japan",2006,1,NULL,6,4.99,173,20.99,PG,"Commentaries,Deleted Scenes","2006-02-15 05:03:42",27,359,"2006-02-15 05:05:03",27,JULIA,MCQUEEN,"2006-02-15 04:34:33"
398,"HANOVER GALAXY","A Stunning Reflection of a Girl And a Secret Agent who must Succumb a Boy in A MySQL Convention",2006,1,NULL,5,4.99,47,21.99,NC-17,"Commentaries,Deleted Scenes,Behind the Scenes","2006-02-15 05:03:42",27,398,"2006-02-15 05:05:03",27,JULIA,MCQUEEN,"2006-02-15 04:34:33"
415,"HIGH ENCINO","A Fateful Saga of a Waitress And a Hunter who must Outrace a Sumo Wrestler in Australia",2006,1,NULL,3,2.99,84,23.99,R,"Trailers,Commentaries,Behind the Scenes","2006-02-15 05:03:42",27,415,"2006-02-15 05:05:03",27,JULIA,MCQUEEN,"2006-02-15 04:34:33"
462,"INSIDER ARIZONA","A Astounding Saga of a Mad Scientist And a Hunter who must Pursue a Robot in A Baloon Factory",2006,1,NULL,5,2.99,78,17.99,NC-17,Commentaries,"2006-02-15 05:03:42",27,462,"2006-02-15 05:05:03",27,JULIA,MCQUEEN,"2006-02-15 04:34:33"
477,"JAWBREAKER BROOKLYN","A Stunning Reflection of a Boat And a Pastry Chef who must Succumb a A Shark in A Jet Boat",2006,1,NULL,5,0.99,118,15.99,PG,"Trailers,Behind the Scenes","2006-02-15 05:03:42",27,477,"2006-02-15 05:05:03",27,JULIA,MCQUEEN,"2006-02-15 04:34:33"
500,"KISS GLORY","A Lacklusture Reflection of a Girl And a Husband who must Find a Robot in The Canadian Rockies",2006,1,NULL,5,4.99,163,11.99,PG-13,"Trailers,Commentaries,Behind the Scenes","2006-02-15 05:03:42",27,500,"2006-02-15 05:05:03",27,JULIA,MCQUEEN,"2006-02-15 04:34:33"
503,"KRAMER CHOCOLATE","A Amazing Yarn of a Robot And a Pastry Chef who must Redeem a Mad Scientist in The Outback",2006,1,NULL,3,2.99,171,24.99,R,Trailers,"2006-02-15 05:03:42",27,503,"2006-02-15 05:05:03",27,JULIA,MCQUEEN,"2006-02-15 04:34:33"
540,"LUCKY FLYING","A Lacklusture Character Study of a A Shark And a Man who must Find a Forensic Psychologist in A U-Boat",2006,1,NULL,7,2.99,97,10.99,PG-13,"Trailers,Commentaries,Behind the Scenes","2006-02-15 05:03:42",27,540,"2006-02-15 05:05:03",27,JULIA,MCQUEEN,"2006-02-15 04:34:33"
586,"MOCKINGBIRD HOLLYWOOD","A Thoughtful Panorama of a Man And a Car who must Sink a Composer in Berlin",2006,1,NULL,4,0.99,60,27.99,PG,"Behind the Scenes","2006-02-15 05:03:42",27,586,"2006-02-15 05:05:03",27,JULIA,MCQUEEN,"2006-02-15 04:34:33"
593,"MONTEREY LABYRINTH","A Awe-Inspiring Drama of a Monkey And a Composer who must Escape a Feminist in A U-Boat",2006,1,NULL,6,0.99,158,13.99,G,"Trailers,Commentaries","2006-02-15 05:03:42",27,593,"2006-02-15 05:05:03",27,JULIA,MCQUEEN,"2006-02-15 04:34:33"
637,"OPEN AFRICAN","A Lacklusture Drama of a Secret Agent And a Explorer who must Discover a Car in A U-Boat",2006,1,NULL,7,4.99,131,16.99,PG,"Trailers,Commentaries","2006-02-15 05:03:42",27,637,"2006-02-15 05:05:03",27,JULIA,MCQUEEN,"2006-02-15 04:34:33"
679,"PILOT HOOSIERS","A Awe-Inspiring Reflection of a Crocodile And a Sumo Wrestler who must Meet a Forensic Psychologist in An Abandoned Mine Shaft",2006,1,NULL,6,2.99,50,17.99,PG,"Trailers,Deleted Scenes","2006-02-15 05:03:42",27,679,"2006-02-15 05:05:03",27,JULIA,MCQUEEN,"2006-02-15 04:34:33"
682,"PITTSBURGH HUNCHBACK","A Thrilling Epistle of a Boy And a Boat who must Find a Student in Soviet Georgia",2006,1,NULL,4,4.99,134,17.99,PG-13,"Trailers,Deleted Scenes,Behind the Scenes","2006-02-15 05:03:42",27,682,"2006-02-15 05:05:03",27,JULIA,MCQUEEN,"2006-02-15 04:34:33"
695,"PRESIDENT BANG","A Fateful Panorama of a Technical Writer And a Moose who must Battle a Robot in Soviet Georgia",2006,1,NULL,6,4.99,144,12.99,PG,"Behind the Scenes","2006-02-15 05:03:42",27,695,"2006-02-15 05:05:03",27,JULIA,MCQUEEN,"2006-02-15 04:34:33"
771,"SCORPION APOLLO","A Awe-Inspiring Documentary of a Technical Writer And a Husband who must Meet a Monkey in An Abandoned Fun House",2006,1,NULL,3,4.99,137,23.99,NC-17,"Commentaries,Deleted Scenes","2006-02-15 05:03:42",27,771,"2006-02-15 05:05:03",27,JULIA,MCQUEEN,"2006-02-15 04:34:33"
805,"SLEEPLESS MONSOON","A Amazing Saga of a Moose And a Pastry Chef who must Escape a Butler in Australia",2006,1,NULL,5,4.99,64,12.99,G,"Trailers,Deleted Scenes,Behind the Scenes","2006-02-15 05:03:42",27,805,"2006-02-15 05:05:03",27,JULIA,MCQUEEN,"2006-02-15 04:34:33"
830,"SPIRIT FLINTSTONES","A Brilliant Yarn of a Cat And a Car who must Confront a Explorer in Ancient Japan",2006,1,NULL,7,0.99,149,23.99,R,"Commentaries,Deleted Scenes","2006-02-15 05:03:42",27,830,"2006-02-15 05:05:03",27,JULIA,MCQUEEN,"2006-02-15 04:34:33"
854,"STRANGERS GRAFFITI","A Brilliant Character Study of a Secret Agent And a Man who must Find a Cat in The Gulf of Mexico",2006,1,NULL,4,4.99,119,22.99,R,"Trailers,Behind the Scenes","2006-02-15 05:03:42",27,854,"2006-02-15 05:05:03",27,JULIA,MCQUEEN,"2006-02-15 04:34:33"
873,"SWEETHEARTS SUSPECTS","A Brilliant Character Study of a Frisbee And a Sumo Wrestler who must Confront a Woman in The Gulf of Mexico",2006,1,NULL,3,0.99,108,13.99,G,"Trailers,Commentaries,Deleted Scenes,Behind the Scenes","2006-02-15 05:03:42",27,873,"2006-02-15 05:05:03",27,JULIA,MCQUEEN,"2006-02-15 04:34:33"
880,"TELEMARK HEARTBREAKERS","A Action-Packed Panorama of a Technical Writer And a Man who must Build a Forensic Psychologist in A Manhattan Penthouse",2006,1,NULL,6,2.99,152,9.99,PG-13,"Trailers,Commentaries,Deleted Scenes,Behind the Scenes","2006-02-15 05:03:42",27,880,"2006-02-15 05:05:03",27,JULIA,MCQUEEN,"2006-02-15 04:34:33"
889,"TIES HUNGER","A Insightful Saga of a Astronaut And a Explorer who must Pursue a Mad Scientist in A U-Boat",2006,1,NULL,3,4.99,111,28.99,R,"Deleted Scenes","2006-02-15 05:03:42",27,889,"2006-02-15 05:05:03",27,JULIA,MCQUEEN,"2006-02-15 04:34:33"
904,"TRAIN BUNCH","A Thrilling Character Study of a Robot And a Squirrel who must Face a Dog in Ancient India",2006,1,NULL,3,4.99,71,26.99,R,"Trailers,Deleted Scenes","2006-02-15 05:03:42",27,904,"2006-02-15 05:05:03",27,JULIA,MCQUEEN,"2006-02-15 04:34:33"
967,"WEEKEND PERSONAL","A Fast-Paced Documentary of a Car And a Butler who must Find a Frisbee in A Jet Boat",2006,1,NULL,5,2.99,134,26.99,R,"Trailers,Commentaries,Deleted Scenes,Behind the Scenes","2006-02-15 05:03:42",27,967,"2006-02-15 05:05:03",27,JULIA,MCQUEEN,"2006-02-15 04:34:33"
986,"WONKA SEA","A Brilliant Saga of a Boat And a Mad Scientist who must Meet a Moose in Ancient India",2006,1,NULL,6,2.99,85,24.99,NC-17,"Trailers,Commentaries","2006-02-15 05:03:42",27,986,"2006-02-15 05:05:03",27,JULIA,MCQUEEN,"2006-02-15 04:34:33"
996,"YOUNG LANGUAGE","A Unbelieveable Yarn of a Boat And a Database Administrator who must Meet a Boy in The First Manned Space Station",2006,1,NULL,6,0.99,183,9.99,G,"Trailers,Behind the Scenes","2006-02-15 05:03:42",27,996,"2006-02-15 05:05:03",27,JULIA,MCQUEEN,"2006-02-15 04:34:33"
14,"ALICE FANTASIA","A Emotional Drama of a A Shark And a Database Administrator who must Vanquish a Pioneer in Soviet Georgia",2006,1,NULL,6,0.99,94,23.99,NC-17,"Trailers,Deleted Scenes,Behind the Scenes","2006-02-15 05:03:42",28,14,"2006-02-15 05:05:03",28,WOODY,HOFFMAN,"2006-02-15 04:34:33"
43,"ATLANTIS CAUSE","A Thrilling Yarn of a Feminist And a Hunter who must Fight a Technical Writer in A Shark Tank",2006,1,NULL,6,2.99,170,15.99,G,"Behind the Scenes","2006-02-15 05:03:42",28,43,"2006-02-15 05:05:03",28,WOODY,HOFFMAN,"2006-02-15 04:34:33"
58,"BEACH HEARTBREAKERS","A Fateful Display of a Womanizer And a Mad Scientist who must Outgun a A Shark in Soviet Georgia",2006,1,NULL,6,2.99,122,16.99,G,"Deleted Scenes,Behind the Scenes","2006-02-15 05:03:42",28,58,"2006-02-15 05:05:03",28,WOODY,HOFFMAN,"2006-02-15 04:34:33"
74,"BIRCH ANTITRUST","A Fanciful Panorama of a Husband And a Pioneer who must Outgun a Dog in A Baloon",2006,1,NULL,4,4.99,162,18.99,PG,"Trailers,Commentaries,Deleted Scenes","2006-02-15 05:03:42",28,74,"2006-02-15 05:05:03",28,WOODY,HOFFMAN,"2006-02-15 04:34:33"
96,"BREAKING HOME","A Beautiful Display of a Secret Agent And a Monkey who must Battle a Sumo Wrestler in An Abandoned Mine Shaft",2006,1,NULL,4,2.99,169,21.99,PG-13,"Trailers,Commentaries","2006-02-15 05:03:42",28,96,"2006-02-15 05:05:03",28,WOODY,HOFFMAN,"2006-02-15 04:34:33"
107,"BUNCH MINDS","A Emotional Story of a Feminist And a Feminist who must Escape a Pastry Chef in A MySQL Convention",2006,1,NULL,4,2.99,63,13.99,G,"Behind the Scenes","2006-02-15 05:03:42",28,107,"2006-02-15 05:05:03",28,WOODY,HOFFMAN,"2006-02-15 04:34:33"
259,"DUCK RACER","A Lacklusture Yarn of a Teacher And a Squirrel who must Overcome a Dog in A Shark Tank",2006,1,NULL,4,2.99,116,15.99,NC-17,"Behind the Scenes","2006-02-15 05:03:42",28,259,"2006-02-15 05:05:03",28,WOODY,HOFFMAN,"2006-02-15 04:34:33"
263,"DURHAM PANKY","A Brilliant Panorama of a Girl And a Boy who must Face a Mad Scientist in An Abandoned Mine Shaft",2006,1,NULL,6,4.99,154,14.99,R,"Trailers,Commentaries","2006-02-15 05:03:42",28,263,"2006-02-15 05:05:03",28,WOODY,HOFFMAN,"2006-02-15 04:34:33"
287,"ENTRAPMENT SATISFACTION","A Thoughtful Panorama of a Hunter And a Teacher who must Reach a Mad Cow in A U-Boat",2006,1,NULL,5,0.99,176,19.99,R,"Commentaries,Deleted Scenes,Behind the Scenes","2006-02-15 05:03:42",28,287,"2006-02-15 05:05:03",28,WOODY,HOFFMAN,"2006-02-15 04:34:33"
358,"GILMORE BOILED","A Unbelieveable Documentary of a Boat And a Husband who must Succumb a Student in A U-Boat",2006,1,NULL,5,0.99,163,29.99,R,"Trailers,Behind the Scenes","2006-02-15 05:03:42",28,358,"2006-02-15 05:05:03",28,WOODY,HOFFMAN,"2006-02-15 04:34:33"
502,"KNOCK WARLOCK","A Unbelieveable Story of a Teacher And a Boat who must Confront a Moose in A Baloon",2006,1,NULL,4,2.99,71,21.99,PG-13,Trailers,"2006-02-15 05:03:42",28,502,"2006-02-15 05:05:03",28,WOODY,HOFFMAN,"2006-02-15 04:34:33"
508,"LAMBS CINCINATTI","A Insightful Story of a Man And a Feminist who must Fight a Composer in Australia",2006,1,NULL,6,4.99,144,18.99,PG-13,"Trailers,Behind the Scenes","2006-02-15 05:03:42",28,508,"2006-02-15 05:05:03",28,WOODY,HOFFMAN,"2006-02-15 04:34:33"
532,"LOSER HUSTLER","A Stunning Drama of a Robot And a Feminist who must Outgun a Butler in Nigeria",2006,1,NULL,5,4.99,80,28.99,PG,"Deleted Scenes,Behind the Scenes","2006-02-15 05:03:42",28,532,"2006-02-15 05:05:03",28,WOODY,HOFFMAN,"2006-02-15 04:34:33"
551,"MAIDEN HOME","A Lacklusture Saga of a Moose And a Teacher who must Kill a Forensic Psychologist in A MySQL Convention",2006,1,NULL,3,4.99,138,9.99,PG,"Behind the Scenes","2006-02-15 05:03:42",28,551,"2006-02-15 05:05:03",28,WOODY,HOFFMAN,"2006-02-15 04:34:33"
574,"MIDNIGHT WESTWARD","A Taut Reflection of a Husband And a A Shark who must Redeem a Pastry Chef in A Monastery",2006,1,NULL,3,0.99,86,19.99,G,"Trailers,Deleted Scenes","2006-02-15 05:03:42",28,574,"2006-02-15 05:05:03",28,WOODY,HOFFMAN,"2006-02-15 04:34:33"
597,"MOONWALKER FOOL","A Epic Drama of a Feminist And a Pioneer who must Sink a Composer in New Orleans",2006,1,NULL,5,4.99,184,12.99,G,"Trailers,Deleted Scenes","2006-02-15 05:03:42",28,597,"2006-02-15 05:05:03",28,WOODY,HOFFMAN,"2006-02-15 04:34:33"
619,"NEIGHBORS CHARADE","A Fanciful Reflection of a Crocodile And a Astronaut who must Outrace a Feminist in An Abandoned Amusement Park",2006,1,NULL,3,0.99,161,20.99,R,"Trailers,Commentaries,Deleted Scenes","2006-02-15 05:03:42",28,619,"2006-02-15 05:05:03",28,WOODY,HOFFMAN,"2006-02-15 04:34:33"
625,"NONE SPIKING","A Boring Reflection of a Secret Agent And a Astronaut who must Face a Composer in A Manhattan Penthouse",2006,1,NULL,3,0.99,83,18.99,NC-17,"Trailers,Commentaries","2006-02-15 05:03:42",28,625,"2006-02-15 05:05:03",28,WOODY,HOFFMAN,"2006-02-15 04:34:33"
652,"PAJAMA JAWBREAKER","A Emotional Drama of a Boy And a Technical Writer who must Redeem a Sumo Wrestler in California",2006,1,NULL,3,0.99,126,14.99,R,"Trailers,Deleted Scenes","2006-02-15 05:03:42",28,652,"2006-02-15 05:05:03",28,WOODY,HOFFMAN,"2006-02-15 04:34:33"
679,"PILOT HOOSIERS","A Awe-Inspiring Reflection of a Crocodile And a Sumo Wrestler who must Meet a Forensic Psychologist in An Abandoned Mine Shaft",2006,1,NULL,6,2.99,50,17.99,PG,"Trailers,Deleted Scenes","2006-02-15 05:03:42",28,679,"2006-02-15 05:05:03",28,WOODY,HOFFMAN,"2006-02-15 04:34:33"
743,"ROOM ROMAN","A Awe-Inspiring Panorama of a Composer And a Secret Agent who must Sink a Composer in A Shark Tank",2006,1,NULL,7,0.99,60,27.99,PG,"Trailers,Deleted Scenes,Behind the Scenes","2006-02-15 05:03:42",28,743,"2006-02-15 05:05:03",28,WOODY,HOFFMAN,"2006-02-15 04:34:33"
790,"SHOOTIST SUPERFLY","A Fast-Paced Story of a Crocodile And a A Shark who must Sink a Pioneer in Berlin",2006,1,NULL,6,0.99,67,22.99,PG-13,Trailers,"2006-02-15 05:03:42",28,790,"2006-02-15 05:05:03",28,WOODY,HOFFMAN,"2006-02-15 04:34:33"
793,"SHRUNK DIVINE","A Fateful Character Study of a Waitress And a Technical Writer who must Battle a Hunter in A Baloon",2006,1,NULL,6,2.99,139,14.99,R,"Trailers,Deleted Scenes,Behind the Scenes","2006-02-15 05:03:42",28,793,"2006-02-15 05:05:03",28,WOODY,HOFFMAN,"2006-02-15 04:34:33"
816,"SNOWMAN ROLLERCOASTER","A Fateful Display of a Lumberjack And a Girl who must Succumb a Mad Cow in A Manhattan Penthouse",2006,1,NULL,3,0.99,62,27.99,G,Trailers,"2006-02-15 05:03:42",28,816,"2006-02-15 05:05:03",28,WOODY,HOFFMAN,"2006-02-15 04:34:33"
827,"SPICE SORORITY","A Fateful Display of a Pioneer And a Hunter who must Defeat a Husband in An Abandoned Mine Shaft",2006,1,NULL,5,4.99,141,22.99,NC-17,"Trailers,Commentaries,Deleted Scenes,Behind the Scenes","2006-02-15 05:03:42",28,827,"2006-02-15 05:05:03",28,WOODY,HOFFMAN,"2006-02-15 04:34:33"
835,"SPY MILE","A Thrilling Documentary of a Feminist And a Feminist who must Confront a Feminist in A Baloon",2006,1,NULL,6,2.99,112,13.99,PG-13,"Trailers,Commentaries,Deleted Scenes,Behind the Scenes","2006-02-15 05:03:42",28,835,"2006-02-15 05:05:03",28,WOODY,HOFFMAN,"2006-02-15 04:34:33"
879,"TELEGRAPH VOYAGE","A Fateful Yarn of a Husband And a Dog who must Battle a Waitress in A Jet Boat",2006,1,NULL,3,4.99,148,20.99,PG,Commentaries,"2006-02-15 05:03:42",28,879,"2006-02-15 05:05:03",28,WOODY,HOFFMAN,"2006-02-15 04:34:33"
908,"TRAP GUYS","A Unbelieveable Story of a Boy And a Mad Cow who must Challenge a Database Administrator in The Sahara Desert",2006,1,NULL,3,4.99,110,11.99,G,"Commentaries,Behind the Scenes","2006-02-15 05:03:42",28,908,"2006-02-15 05:05:03",28,WOODY,HOFFMAN,"2006-02-15 04:34:33"
953,"WAIT CIDER","A Intrepid Epistle of a Woman And a Forensic Psychologist who must Succumb a Astronaut in A Manhattan Penthouse",2006,1,NULL,3,0.99,112,9.99,PG-13,Trailers,"2006-02-15 05:03:42",28,953,"2006-02-15 05:05:03",28,WOODY,HOFFMAN,"2006-02-15 04:34:33"
973,"WIFE TURN","A Awe-Inspiring Epistle of a Teacher And a Feminist who must Confront a Pioneer in Ancient Japan",2006,1,NULL,3,4.99,183,27.99,NC-17,"Deleted Scenes,Behind the Scenes","2006-02-15 05:03:42",28,973,"2006-02-15 05:05:03",28,WOODY,HOFFMAN,"2006-02-15 04:34:33"
994,"WYOMING STORM","A Awe-Inspiring Panorama of a Robot And a Boat who must Overcome a Feminist in A U-Boat",2006,1,NULL,6,4.99,100,29.99,PG-13,"Deleted Scenes","2006-02-15 05:03:42",28,994,"2006-02-15 05:05:03",28,WOODY,HOFFMAN,"2006-02-15 04:34:33"
10,"ALADDIN CALENDAR","A Action-Packed Tale of a Man And a Lumberjack who must Reach a Feminist in Ancient China",2006,1,NULL,6,4.99,63,24.99,NC-17,"Trailers,Deleted Scenes","2006-02-15 05:03:42",29,10,"2006-02-15 05:05:03",29,ALEC,WAYNE,"2006-02-15 04:34:33"
79,"BLADE POLISH","A Thoughtful Character Study of a Frisbee And a Pastry Chef who must Fight a Dentist in The First Manned Space Station",2006,1,NULL,5,0.99,114,10.99,PG-13,"Trailers,Behind the Scenes","2006-02-15 05:03:42",29,79,"2006-02-15 05:05:03",29,ALEC,WAYNE,"2006-02-15 04:34:33"
105,"BULL SHAWSHANK","A Fanciful Drama of a Moose And a Squirrel who must Conquer a Pioneer in The Canadian Rockies",2006,1,NULL,6,0.99,125,21.99,NC-17,"Deleted Scenes","2006-02-15 05:03:42",29,105,"2006-02-15 05:05:03",29,ALEC,WAYNE,"2006-02-15 04:34:33"
110,"CABIN FLASH","A Stunning Epistle of a Boat And a Man who must Challenge a A Shark in A Baloon Factory",2006,1,NULL,4,0.99,53,25.99,NC-17,"Commentaries,Deleted Scenes","2006-02-15 05:03:42",29,110,"2006-02-15 05:05:03",29,ALEC,WAYNE,"2006-02-15 04:34:33"
131,"CENTER DINOSAUR","A Beautiful Character Study of a Sumo Wrestler And a Dentist who must Find a Dog in California",2006,1,NULL,5,4.99,152,12.99,PG,"Deleted Scenes","2006-02-15 05:03:42",29,131,"2006-02-15 05:05:03",29,ALEC,WAYNE,"2006-02-15 04:34:33"
133,"CHAMBER ITALIAN","A Fateful Reflection of a Moose And a Husband who must Overcome a Monkey in Nigeria",2006,1,NULL,7,4.99,117,14.99,NC-17,Trailers,"2006-02-15 05:03:42",29,133,"2006-02-15 05:05:03",29,ALEC,WAYNE,"2006-02-15 04:34:33"
172,"CONEHEADS SMOOCHY","A Touching Story of a Womanizer And a Composer who must Pursue a Husband in Nigeria",2006,1,NULL,7,4.99,112,12.99,NC-17,"Deleted Scenes,Behind the Scenes","2006-02-15 05:03:42",29,172,"2006-02-15 05:05:03",29,ALEC,WAYNE,"2006-02-15 04:34:33"
226,"DESTINY SATURDAY","A Touching Drama of a Crocodile And a Crocodile who must Conquer a Explorer in Soviet Georgia",2006,1,NULL,4,4.99,56,20.99,G,"Trailers,Commentaries,Behind the Scenes","2006-02-15 05:03:42",29,226,"2006-02-15 05:05:03",29,ALEC,WAYNE,"2006-02-15 04:34:33"
273,"EFFECT GLADIATOR","A Beautiful Display of a Pastry Chef And a Pastry Chef who must Outgun a Forensic Psychologist in A Manhattan Penthouse",2006,1,NULL,6,0.99,107,14.99,PG,Commentaries,"2006-02-15 05:03:42",29,273,"2006-02-15 05:05:03",29,ALEC,WAYNE,"2006-02-15 04:34:33"
282,"ENCOUNTERS CURTAIN","A Insightful Epistle of a Pastry Chef And a Womanizer who must Build a Boat in New Orleans",2006,1,NULL,5,0.99,92,20.99,NC-17,Trailers,"2006-02-15 05:03:42",29,282,"2006-02-15 05:05:03",29,ALEC,WAYNE,"2006-02-15 04:34:33"
296,"EXPRESS LONELY","A Boring Drama of a Astronaut And a Boat who must Face a Boat in California",2006,1,NULL,5,2.99,178,23.99,R,Trailers,"2006-02-15 05:03:42",29,296,"2006-02-15 05:05:03",29,ALEC,WAYNE,"2006-02-15 04:34:33"
311,"FICTION CHRISTMAS","A Emotional Yarn of a A Shark And a Student who must Battle a Robot in An Abandoned Mine Shaft",2006,1,NULL,4,0.99,72,14.99,PG,"Trailers,Commentaries,Deleted Scenes,Behind the Scenes","2006-02-15 05:03:42",29,311,"2006-02-15 05:05:03",29,ALEC,WAYNE,"2006-02-15 04:34:33"
335,"FREEDOM CLEOPATRA","A Emotional Reflection of a Dentist And a Mad Cow who must Face a Squirrel in A Baloon",2006,1,NULL,5,0.99,133,23.99,PG-13,"Trailers,Commentaries,Behind the Scenes","2006-02-15 05:03:42",29,335,"2006-02-15 05:05:03",29,ALEC,WAYNE,"2006-02-15 04:34:33"
342,"FUGITIVE MAGUIRE","A Taut Epistle of a Feminist And a Sumo Wrestler who must Battle a Crocodile in Australia",2006,1,NULL,7,4.99,83,28.99,R,"Trailers,Commentaries,Deleted Scenes","2006-02-15 05:03:42",29,342,"2006-02-15 05:05:03",29,ALEC,WAYNE,"2006-02-15 04:34:33"
436,"HOURS RAGE","A Fateful Story of a Explorer And a Feminist who must Meet a Technical Writer in Soviet Georgia",2006,1,NULL,4,0.99,122,14.99,NC-17,"Trailers,Deleted Scenes","2006-02-15 05:03:42",29,436,"2006-02-15 05:05:03",29,ALEC,WAYNE,"2006-02-15 04:34:33"
444,"HUSTLER PARTY","A Emotional Reflection of a Sumo Wrestler And a Monkey who must Conquer a Robot in The Sahara Desert",2006,1,NULL,3,4.99,83,22.99,NC-17,"Trailers,Commentaries,Behind the Scenes","2006-02-15 05:03:42",29,444,"2006-02-15 05:05:03",29,ALEC,WAYNE,"2006-02-15 04:34:33"
449,"IDENTITY LOVER","A Boring Tale of a Composer And a Mad Cow who must Defeat a Car in The Outback",2006,1,NULL,4,2.99,119,12.99,PG-13,"Deleted Scenes","2006-02-15 05:03:42",29,449,"2006-02-15 05:05:03",29,ALEC,WAYNE,"2006-02-15 04:34:33"
462,"INSIDER ARIZONA","A Astounding Saga of a Mad Scientist And a Hunter who must Pursue a Robot in A Baloon Factory",2006,1,NULL,5,2.99,78,17.99,NC-17,Commentaries,"2006-02-15 05:03:42",29,462,"2006-02-15 05:05:03",29,ALEC,WAYNE,"2006-02-15 04:34:33"
482,"JEOPARDY ENCINO","A Boring Panorama of a Man And a Mad Cow who must Face a Explorer in Ancient India",2006,1,NULL,3,0.99,102,12.99,R,"Trailers,Commentaries","2006-02-15 05:03:42",29,482,"2006-02-15 05:05:03",29,ALEC,WAYNE,"2006-02-15 04:34:33"
488,"JOON NORTHWEST","A Thrilling Panorama of a Technical Writer And a Car who must Discover a Forensic Psychologist in A Shark Tank",2006,1,NULL,3,0.99,105,23.99,NC-17,"Trailers,Commentaries,Behind the Scenes","2006-02-15 05:03:42",29,488,"2006-02-15 05:05:03",29,ALEC,WAYNE,"2006-02-15 04:34:33"
519,"LIBERTY MAGNIFICENT","A Boring Drama of a Student And a Cat who must Sink a Technical Writer in A Baloon",2006,1,NULL,3,2.99,138,27.99,G,"Commentaries,Deleted Scenes,Behind the Scenes","2006-02-15 05:03:42",29,519,"2006-02-15 05:05:03",29,ALEC,WAYNE,"2006-02-15 04:34:33"
547,"MAGIC MALLRATS","A Touching Documentary of a Pastry Chef And a Pastry Chef who must Build a Mad Scientist in California",2006,1,NULL,3,0.99,117,19.99,PG,"Trailers,Commentaries","2006-02-15 05:03:42",29,547,"2006-02-15 05:05:03",29,ALEC,WAYNE,"2006-02-15 04:34:33"
590,"MONEY HAROLD","A Touching Tale of a Explorer And a Boat who must Defeat a Robot in Australia",2006,1,NULL,3,2.99,135,17.99,PG,"Trailers,Commentaries","2006-02-15 05:03:42",29,590,"2006-02-15 05:05:03",29,ALEC,WAYNE,"2006-02-15 04:34:33"
646,"OUTBREAK DIVINE","A Unbelieveable Yarn of a Database Administrator And a Woman who must Succumb a A Shark in A U-Boat",2006,1,NULL,6,0.99,169,12.99,NC-17,"Trailers,Deleted Scenes,Behind the Scenes","2006-02-15 05:03:42",29,646,"2006-02-15 05:05:03",29,ALEC,WAYNE,"2006-02-15 04:34:33"
723,"REIGN GENTLEMEN","A Emotional Yarn of a Composer And a Man who must Escape a Butler in The Gulf of Mexico",2006,1,NULL,3,2.99,82,29.99,PG-13,"Deleted Scenes,Behind the Scenes","2006-02-15 05:03:42",29,723,"2006-02-15 05:05:03",29,ALEC,WAYNE,"2006-02-15 04:34:33"
812,"SMOKING BARBARELLA","A Lacklusture Saga of a Mad Cow And a Mad Scientist who must Sink a Cat in A MySQL Convention",2006,1,NULL,7,0.99,50,13.99,PG-13,"Behind the Scenes","2006-02-15 05:03:42",29,812,"2006-02-15 05:05:03",29,ALEC,WAYNE,"2006-02-15 04:34:33"
862,"SUMMER SCARFACE","A Emotional Panorama of a Lumberjack And a Hunter who must Meet a Girl in A Shark Tank",2006,1,NULL,5,0.99,53,25.99,G,"Deleted Scenes,Behind the Scenes","2006-02-15 05:03:42",29,862,"2006-02-15 05:05:03",29,ALEC,WAYNE,"2006-02-15 04:34:33"
928,"UPTOWN YOUNG","A Fateful Documentary of a Dog And a Hunter who must Pursue a Teacher in An Abandoned Amusement Park",2006,1,NULL,5,2.99,84,16.99,PG,Commentaries,"2006-02-15 05:03:42",29,928,"2006-02-15 05:05:03",29,ALEC,WAYNE,"2006-02-15 04:34:33"
944,"VIRGIN DAISY","A Awe-Inspiring Documentary of a Robot And a Mad Scientist who must Reach a Database Administrator in A Shark Tank",2006,1,NULL,6,4.99,179,29.99,PG-13,"Trailers,Behind the Scenes","2006-02-15 05:03:42",29,944,"2006-02-15 05:05:03",29,ALEC,WAYNE,"2006-02-15 04:34:33"
1,"ACADEMY DINOSAUR","A Epic Drama of a Feminist And a Mad Scientist who must Battle a Teacher in The Canadian Rockies",2006,1,NULL,6,0.99,86,20.99,PG,"Deleted Scenes,Behind the Scenes","2006-02-15 05:03:42",30,1,"2006-02-15 05:05:03",30,SANDRA,PECK,"2006-02-15 04:34:33"
53,"BANG KWAI","A Epic Drama of a Madman And a Cat who must Face a A Shark in An Abandoned Amusement Park",2006,1,NULL,5,2.99,87,25.99,NC-17,"Commentaries,Deleted Scenes,Behind the Scenes","2006-02-15 05:03:42",30,53,"2006-02-15 05:05:03",30,SANDRA,PECK,"2006-02-15 04:34:33"
64,"BEETHOVEN EXORCIST","A Epic Display of a Pioneer And a Student who must Challenge a Butler in The Gulf of Mexico",2006,1,NULL,6,0.99,151,26.99,PG-13,"Commentaries,Behind the Scenes","2006-02-15 05:03:42",30,64,"2006-02-15 05:05:03",30,SANDRA,PECK,"2006-02-15 04:34:33"
69,"BEVERLY OUTLAW","A Fanciful Documentary of a Womanizer And a Boat who must Defeat a Madman in The First Manned Space Station",2006,1,NULL,3,2.99,85,21.99,R,Trailers,"2006-02-15 05:03:42",30,69,"2006-02-15 05:05:03",30,SANDRA,PECK,"2006-02-15 04:34:33"
77,"BIRDS PERDITION","A Boring Story of a Womanizer And a Pioneer who must Face a Dog in California",2006,1,NULL,5,4.99,61,15.99,G,"Trailers,Behind the Scenes","2006-02-15 05:03:42",30,77,"2006-02-15 05:05:03",30,SANDRA,PECK,"2006-02-15 04:34:33"
87,"BOONDOCK BALLROOM","A Fateful Panorama of a Crocodile And a Boy who must Defeat a Monkey in The Gulf of Mexico",2006,1,NULL,7,0.99,76,14.99,NC-17,"Behind the Scenes","2006-02-15 05:03:42",30,87,"2006-02-15 05:05:03",30,SANDRA,PECK,"2006-02-15 04:34:33"
260,"DUDE BLINDNESS","A Stunning Reflection of a Husband And a Lumberjack who must Face a Frisbee in An Abandoned Fun House",2006,1,NULL,3,4.99,132,9.99,G,"Trailers,Deleted Scenes","2006-02-15 05:03:42",30,260,"2006-02-15 05:05:03",30,SANDRA,PECK,"2006-02-15 04:34:33"
262,"DUMBO LUST","A Touching Display of a Feminist And a Dentist who must Conquer a Husband in The Gulf of Mexico",2006,1,NULL,5,0.99,119,17.99,NC-17,"Behind the Scenes","2006-02-15 05:03:42",30,262,"2006-02-15 05:05:03",30,SANDRA,PECK,"2006-02-15 04:34:33"
286,"ENOUGH RAGING","A Astounding Character Study of a Boat And a Secret Agent who must Find a Mad Cow in The Sahara Desert",2006,1,NULL,7,2.99,158,16.99,NC-17,Commentaries,"2006-02-15 05:03:42",30,286,"2006-02-15 05:05:03",30,SANDRA,PECK,"2006-02-15 04:34:33"
292,"EXCITEMENT EVE","A Brilliant Documentary of a Monkey And a Car who must Conquer a Crocodile in A Shark Tank",2006,1,NULL,3,0.99,51,20.99,G,Commentaries,"2006-02-15 05:03:42",30,292,"2006-02-15 05:05:03",30,SANDRA,PECK,"2006-02-15 04:34:33"
301,"FAMILY SWEET","A Epic Documentary of a Teacher And a Boy who must Escape a Woman in Berlin",2006,1,NULL,4,0.99,155,24.99,R,Trailers,"2006-02-15 05:03:42",30,301,"2006-02-15 05:05:03",30,SANDRA,PECK,"2006-02-15 04:34:33"
318,"FIREHOUSE VIETNAM","A Awe-Inspiring Character Study of a Boat And a Boy who must Kill a Pastry Chef in The Sahara Desert",2006,1,NULL,7,0.99,103,14.99,G,"Commentaries,Deleted Scenes","2006-02-15 05:03:42",30,318,"2006-02-15 05:05:03",30,SANDRA,PECK,"2006-02-15 04:34:33"
321,"FLASH WARS","A Astounding Saga of a Moose And a Pastry Chef who must Chase a Student in The Gulf of Mexico",2006,1,NULL,3,4.99,123,21.99,NC-17,"Trailers,Commentaries,Behind the Scenes","2006-02-15 05:03:42",30,321,"2006-02-15 05:05:03",30,SANDRA,PECK,"2006-02-15 04:34:33"
357,"GILBERT PELICAN","A Fateful Tale of a Man And a Feminist who must Conquer a Crocodile in A Manhattan Penthouse",2006,1,NULL,7,0.99,114,13.99,G,"Trailers,Commentaries","2006-02-15 05:03:42",30,357,"2006-02-15 05:05:03",30,SANDRA,PECK,"2006-02-15 04:34:33"
565,"MATRIX SNOWMAN","A Action-Packed Saga of a Womanizer And a Woman who must Overcome a Student in California",2006,1,NULL,6,4.99,56,9.99,PG-13,"Commentaries,Deleted Scenes,Behind the Scenes","2006-02-15 05:03:42",30,565,"2006-02-15 05:05:03",30,SANDRA,PECK,"2006-02-15 04:34:33"
732,"RINGS HEARTBREAKERS","A Amazing Yarn of a Sumo Wrestler And a Boat who must Conquer a Waitress in New Orleans",2006,1,NULL,5,0.99,58,17.99,G,"Trailers,Commentaries,Behind the Scenes","2006-02-15 05:03:42",30,732,"2006-02-15 05:05:03",30,SANDRA,PECK,"2006-02-15 04:34:33"
797,"SILENCE KANE","A Emotional Drama of a Sumo Wrestler And a Dentist who must Confront a Sumo Wrestler in A Baloon",2006,1,NULL,7,0.99,67,23.99,R,"Trailers,Deleted Scenes,Behind the Scenes","2006-02-15 05:03:42",30,797,"2006-02-15 05:05:03",30,SANDRA,PECK,"2006-02-15 04:34:33"
838,"STAGECOACH ARMAGEDDON","A Touching Display of a Pioneer And a Butler who must Chase a Car in California",2006,1,NULL,5,4.99,112,25.99,R,"Trailers,Deleted Scenes","2006-02-15 05:03:42",30,838,"2006-02-15 05:05:03",30,SANDRA,PECK,"2006-02-15 04:34:33"
945,"VIRGINIAN PLUTO","A Emotional Panorama of a Dentist And a Crocodile who must Meet a Boy in Berlin",2006,1,NULL,5,0.99,164,22.99,R,"Deleted Scenes","2006-02-15 05:03:42",30,945,"2006-02-15 05:05:03",30,SANDRA,PECK,"2006-02-15 04:34:33"
88,"BORN SPINAL","A Touching Epistle of a Frisbee And a Husband who must Pursue a Student in Nigeria",2006,1,NULL,7,4.99,179,17.99,PG,"Trailers,Commentaries,Deleted Scenes","2006-02-15 05:03:42",31,88,"2006-02-15 05:05:03",31,SISSY,SOBIESKI,"2006-02-15 04:34:33"
146,"CHITTY LOCK","A Boring Epistle of a Boat And a Database Administrator who must Kill a Sumo Wrestler in The First Manned Space Station",2006,1,NULL,6,2.99,107,24.99,G,Commentaries,"2006-02-15 05:03:42",31,146,"2006-02-15 05:05:03",31,SISSY,SOBIESKI,"2006-02-15 04:34:33"
163,"CLYDE THEORY","A Beautiful Yarn of a Astronaut And a Frisbee who must Overcome a Explorer in A Jet Boat",2006,1,NULL,4,0.99,139,29.99,PG-13,"Commentaries,Deleted Scenes,Behind the Scenes","2006-02-15 05:03:42",31,163,"2006-02-15 05:05:03",31,SISSY,SOBIESKI,"2006-02-15 04:34:33"
164,"COAST RAINBOW","A Astounding Documentary of a Mad Cow And a Pioneer who must Challenge a Butler in The Sahara Desert",2006,1,NULL,4,0.99,55,20.99,PG,"Trailers,Commentaries,Deleted Scenes,Behind the Scenes","2006-02-15 05:03:42",31,164,"2006-02-15 05:05:03",31,SISSY,SOBIESKI,"2006-02-15 04:34:33"
188,"CRAZY HOME","A Fanciful Panorama of a Boy And a Woman who must Vanquish a Database Administrator in The Outback",2006,1,NULL,7,2.99,136,24.99,PG,"Commentaries,Deleted Scenes","2006-02-15 05:03:42",31,188,"2006-02-15 05:05:03",31,SISSY,SOBIESKI,"2006-02-15 04:34:33"
299,"FACTORY DRAGON","A Action-Packed Saga of a Teacher And a Frisbee who must Escape a Lumberjack in The Sahara Desert",2006,1,NULL,4,0.99,144,9.99,PG-13,"Trailers,Commentaries,Deleted Scenes","2006-02-15 05:03:42",31,299,"2006-02-15 05:05:03",31,SISSY,SOBIESKI,"2006-02-15 04:34:33"
308,"FERRIS MOTHER","A Touching Display of a Frisbee And a Frisbee who must Kill a Girl in The Gulf of Mexico",2006,1,NULL,3,2.99,142,13.99,PG,"Trailers,Deleted Scenes,Behind the Scenes","2006-02-15 05:03:42",31,308,"2006-02-15 05:05:03",31,SISSY,SOBIESKI,"2006-02-15 04:34:33"
368,"GONE TROUBLE","A Insightful Character Study of a Mad Cow And a Forensic Psychologist who must Conquer a A Shark in A Manhattan Penthouse",2006,1,NULL,7,2.99,84,20.99,R,"Deleted Scenes,Behind the Scenes","2006-02-15 05:03:42",31,368,"2006-02-15 05:05:03",31,SISSY,SOBIESKI,"2006-02-15 04:34:33"
380,"GREEK EVERYONE","A Stunning Display of a Butler And a Teacher who must Confront a A Shark in The First Manned Space Station",2006,1,NULL,7,2.99,176,11.99,PG,"Trailers,Deleted Scenes","2006-02-15 05:03:42",31,380,"2006-02-15 05:05:03",31,SISSY,SOBIESKI,"2006-02-15 04:34:33"
431,"HOOSIERS BIRDCAGE","A Astounding Display of a Explorer And a Boat who must Vanquish a Car in The First Manned Space Station",2006,1,NULL,3,2.99,176,12.99,G,"Trailers,Commentaries,Deleted Scenes","2006-02-15 05:03:42",31,431,"2006-02-15 05:05:03",31,SISSY,SOBIESKI,"2006-02-15 04:34:33"
585,"MOB DUFFEL","A Unbelieveable Documentary of a Frisbee And a Boat who must Meet a Boy in The Canadian Rockies",2006,1,NULL,4,0.99,105,25.99,G,Trailers,"2006-02-15 05:03:42",31,585,"2006-02-15 05:05:03",31,SISSY,SOBIESKI,"2006-02-15 04:34:33"
637,"OPEN AFRICAN","A Lacklusture Drama of a Secret Agent And a Explorer who must Discover a Car in A U-Boat",2006,1,NULL,7,4.99,131,16.99,PG,"Trailers,Commentaries","2006-02-15 05:03:42",31,637,"2006-02-15 05:05:03",31,SISSY,SOBIESKI,"2006-02-15 04:34:33"
700,"PRIX UNDEFEATED","A Stunning Saga of a Mad Scientist And a Boat who must Overcome a Dentist in Ancient China",2006,1,NULL,4,2.99,115,13.99,R,"Trailers,Deleted Scenes","2006-02-15 05:03:42",31,700,"2006-02-15 05:05:03",31,SISSY,SOBIESKI,"2006-02-15 04:34:33"
739,"ROCKY WAR","A Fast-Paced Display of a Squirrel And a Explorer who must Outgun a Mad Scientist in Nigeria",2006,1,NULL,4,4.99,145,17.99,PG-13,"Trailers,Commentaries,Behind the Scenes","2006-02-15 05:03:42",31,739,"2006-02-15 05:05:03",31,SISSY,SOBIESKI,"2006-02-15 04:34:33"
793,"SHRUNK DIVINE","A Fateful Character Study of a Waitress And a Technical Writer who must Battle a Hunter in A Baloon",2006,1,NULL,6,2.99,139,14.99,R,"Trailers,Deleted Scenes,Behind the Scenes","2006-02-15 05:03:42",31,793,"2006-02-15 05:05:03",31,SISSY,SOBIESKI,"2006-02-15 04:34:33"
802,"SKY MIRACLE","A Epic Drama of a Mad Scientist And a Explorer who must Succumb a Waitress in An Abandoned Fun House",2006,1,NULL,7,2.99,132,15.99,PG,"Trailers,Commentaries,Deleted Scenes","2006-02-15 05:03:42",31,802,"2006-02-15 05:05:03",31,SISSY,SOBIESKI,"2006-02-15 04:34:33"
880,"TELEMARK HEARTBREAKERS","A Action-Packed Panorama of a Technical Writer And a Man who must Build a Forensic Psychologist in A Manhattan Penthouse",2006,1,NULL,6,2.99,152,9.99,PG-13,"Trailers,Commentaries,Deleted Scenes,Behind the Scenes","2006-02-15 05:03:42",31,880,"2006-02-15 05:05:03",31,SISSY,SOBIESKI,"2006-02-15 04:34:33"
978,"WISDOM WORKER","A Unbelieveable Saga of a Forensic Psychologist And a Student who must Face a Squirrel in The First Manned Space Station",2006,1,NULL,3,0.99,98,12.99,R,"Deleted Scenes,Behind the Scenes","2006-02-15 05:03:42",31,978,"2006-02-15 05:05:03",31,SISSY,SOBIESKI,"2006-02-15 04:34:33"
65,"BEHAVIOR RUNAWAY","A Unbelieveable Drama of a Student And a Husband who must Outrace a Sumo Wrestler in Berlin",2006,1,NULL,3,4.99,100,20.99,PG,"Trailers,Deleted Scenes,Behind the Scenes","2006-02-15 05:03:42",32,65,"2006-02-15 05:05:03",32,TIM,HACKMAN,"2006-02-15 04:34:33"
84,"BOILED DARES","A Awe-Inspiring Story of a Waitress And a Dog who must Discover a Dentist in Ancient Japan",2006,1,NULL,7,4.99,102,13.99,PG,"Trailers,Commentaries","2006-02-15 05:03:42",32,84,"2006-02-15 05:05:03",32,TIM,HACKMAN,"2006-02-15 04:34:33"
103,"BUCKET BROTHERHOOD","A Amazing Display of a Girl And a Womanizer who must Succumb a Lumberjack in A Baloon Factory",2006,1,NULL,7,4.99,133,27.99,PG,"Commentaries,Deleted Scenes","2006-02-15 05:03:42",32,103,"2006-02-15 05:05:03",32,TIM,HACKMAN,"2006-02-15 04:34:33"
112,"CALENDAR GUNFIGHT","A Thrilling Drama of a Frisbee And a Lumberjack who must Sink a Man in Nigeria",2006,1,NULL,4,4.99,120,22.99,NC-17,"Trailers,Commentaries,Behind the Scenes","2006-02-15 05:03:42",32,112,"2006-02-15 05:05:03",32,TIM,HACKMAN,"2006-02-15 04:34:33"
136,"CHAPLIN LICENSE","A Boring Drama of a Dog And a Forensic Psychologist who must Outrace a Explorer in Ancient India",2006,1,NULL,7,2.99,146,26.99,NC-17,"Behind the Scenes","2006-02-15 05:03:42",32,136,"2006-02-15 05:05:03",32,TIM,HACKMAN,"2006-02-15 04:34:33"
197,"CRUSADE HONEY","A Fast-Paced Reflection of a Explorer And a Butler who must Battle a Madman in An Abandoned Amusement Park",2006,1,NULL,4,2.99,112,27.99,R,Commentaries,"2006-02-15 05:03:42",32,197,"2006-02-15 05:05:03",32,TIM,HACKMAN,"2006-02-15 04:34:33"
199,"CUPBOARD SINNERS","A Emotional Reflection of a Frisbee And a Boat who must Reach a Pastry Chef in An Abandoned Amusement Park",2006,1,NULL,4,2.99,56,29.99,R,"Behind the Scenes","2006-02-15 05:03:42",32,199,"2006-02-15 05:05:03",32,TIM,HACKMAN,"2006-02-15 04:34:33"
219,"DEEP CRUSADE","A Amazing Tale of a Crocodile And a Squirrel who must Discover a Composer in Australia",2006,1,NULL,6,4.99,51,20.99,PG-13,"Commentaries,Behind the Scenes","2006-02-15 05:03:42",32,219,"2006-02-15 05:05:03",32,TIM,HACKMAN,"2006-02-15 04:34:33"
309,"FEUD FROGMEN","A Brilliant Reflection of a Database Administrator And a Mad Cow who must Chase a Woman in The Canadian Rockies",2006,1,NULL,6,0.99,98,29.99,R,"Trailers,Commentaries,Deleted Scenes,Behind the Scenes","2006-02-15 05:03:42",32,309,"2006-02-15 05:05:03",32,TIM,HACKMAN,"2006-02-15 04:34:33"
312,"FIDDLER LOST","A Boring Tale of a Squirrel And a Dog who must Challenge a Madman in The Gulf of Mexico",2006,1,NULL,4,4.99,75,20.99,R,"Deleted Scenes,Behind the Scenes","2006-02-15 05:03:42",32,312,"2006-02-15 05:05:03",32,TIM,HACKMAN,"2006-02-15 04:34:33"
401,"HAROLD FRENCH","A Stunning Saga of a Sumo Wrestler And a Student who must Outrace a Moose in The Sahara Desert",2006,1,NULL,6,0.99,168,10.99,NC-17,"Commentaries,Deleted Scenes,Behind the Scenes","2006-02-15 05:03:42",32,401,"2006-02-15 05:05:03",32,TIM,HACKMAN,"2006-02-15 04:34:33"
427,"HOMEWARD CIDER","A Taut Reflection of a Astronaut And a Squirrel who must Fight a Squirrel in A Manhattan Penthouse",2006,1,NULL,5,0.99,103,19.99,R,Trailers,"2006-02-15 05:03:42",32,427,"2006-02-15 05:05:03",32,TIM,HACKMAN,"2006-02-15 04:34:33"
431,"HOOSIERS BIRDCAGE","A Astounding Display of a Explorer And a Boat who must Vanquish a Car in The First Manned Space Station",2006,1,NULL,3,2.99,176,12.99,G,"Trailers,Commentaries,Deleted Scenes","2006-02-15 05:03:42",32,431,"2006-02-15 05:05:03",32,TIM,HACKMAN,"2006-02-15 04:34:33"
523,"LIGHTS DEER","A Unbelieveable Epistle of a Dog And a Woman who must Confront a Moose in The Gulf of Mexico",2006,1,NULL,7,0.99,174,21.99,R,Commentaries,"2006-02-15 05:03:42",32,523,"2006-02-15 05:05:03",32,TIM,HACKMAN,"2006-02-15 04:34:33"
567,"MEET CHOCOLATE","A Boring Documentary of a Dentist And a Butler who must Confront a Monkey in A MySQL Convention",2006,1,NULL,3,2.99,80,26.99,G,Trailers,"2006-02-15 05:03:42",32,567,"2006-02-15 05:05:03",32,TIM,HACKMAN,"2006-02-15 04:34:33"
585,"MOB DUFFEL","A Unbelieveable Documentary of a Frisbee And a Boat who must Meet a Boy in The Canadian Rockies",2006,1,NULL,4,0.99,105,25.99,G,Trailers,"2006-02-15 05:03:42",32,585,"2006-02-15 05:05:03",32,TIM,HACKMAN,"2006-02-15 04:34:33"
606,"MUMMY CREATURES","A Fateful Character Study of a Crocodile And a Monkey who must Meet a Dentist in Australia",2006,1,NULL,3,0.99,160,15.99,NC-17,"Trailers,Behind the Scenes","2006-02-15 05:03:42",32,606,"2006-02-15 05:05:03",32,TIM,HACKMAN,"2006-02-15 04:34:33"
651,"PACKER MADIGAN","A Epic Display of a Sumo Wrestler And a Forensic Psychologist who must Build a Woman in An Abandoned Amusement Park",2006,1,NULL,3,0.99,84,20.99,PG-13,Trailers,"2006-02-15 05:03:42",32,651,"2006-02-15 05:05:03",32,TIM,HACKMAN,"2006-02-15 04:34:33"
667,"PEACH INNOCENT","A Action-Packed Drama of a Monkey And a Dentist who must Chase a Butler in Berlin",2006,1,NULL,3,2.99,160,20.99,PG-13,"Commentaries,Behind the Scenes","2006-02-15 05:03:42",32,667,"2006-02-15 05:05:03",32,TIM,HACKMAN,"2006-02-15 04:34:33"
669,"PEARL DESTINY","A Lacklusture Yarn of a Astronaut And a Pastry Chef who must Sink a Dog in A U-Boat",2006,1,NULL,3,2.99,74,10.99,NC-17,Trailers,"2006-02-15 05:03:42",32,669,"2006-02-15 05:05:03",32,TIM,HACKMAN,"2006-02-15 04:34:33"
815,"SNATCHERS MONTEZUMA","A Boring Epistle of a Sumo Wrestler And a Woman who must Escape a Man in The Canadian Rockies",2006,1,NULL,4,2.99,74,14.99,PG-13,Commentaries,"2006-02-15 05:03:42",32,815,"2006-02-15 05:05:03",32,TIM,HACKMAN,"2006-02-15 04:34:33"
928,"UPTOWN YOUNG","A Fateful Documentary of a Dog And a Hunter who must Pursue a Teacher in An Abandoned Amusement Park",2006,1,NULL,5,2.99,84,16.99,PG,Commentaries,"2006-02-15 05:03:42",32,928,"2006-02-15 05:05:03",32,TIM,HACKMAN,"2006-02-15 04:34:33"
980,"WIZARD COLDBLOODED","A Lacklusture Display of a Robot And a Girl who must Defeat a Sumo Wrestler in A MySQL Convention",2006,1,NULL,4,4.99,75,12.99,PG,"Commentaries,Deleted Scenes,Behind the Scenes","2006-02-15 05:03:42",32,980,"2006-02-15 05:05:03",32,TIM,HACKMAN,"2006-02-15 04:34:33"
56,"BAREFOOT MANCHURIAN","A Intrepid Story of a Cat And a Student who must Vanquish a Girl in An Abandoned Amusement Park",2006,1,NULL,6,2.99,129,15.99,G,"Trailers,Commentaries","2006-02-15 05:03:42",33,56,"2006-02-15 05:05:03",33,MILLA,PECK,"2006-02-15 04:34:33"
112,"CALENDAR GUNFIGHT","A Thrilling Drama of a Frisbee And a Lumberjack who must Sink a Man in Nigeria",2006,1,NULL,4,4.99,120,22.99,NC-17,"Trailers,Commentaries,Behind the Scenes","2006-02-15 05:03:42",33,112,"2006-02-15 05:05:03",33,MILLA,PECK,"2006-02-15 04:34:33"
135,"CHANCE RESURRECTION","A Astounding Story of a Forensic Psychologist And a Forensic Psychologist who must Overcome a Moose in Ancient China",2006,1,NULL,3,2.99,70,22.99,R,"Commentaries,Deleted Scenes,Behind the Scenes","2006-02-15 05:03:42",33,135,"2006-02-15 05:05:03",33,MILLA,PECK,"2006-02-15 04:34:33"
154,"CLASH FREDDY","A Amazing Yarn of a Composer And a Squirrel who must Escape a Astronaut in Australia",2006,1,NULL,6,2.99,81,12.99,G,"Commentaries,Deleted Scenes","2006-02-15 05:03:42",33,154,"2006-02-15 05:05:03",33,MILLA,PECK,"2006-02-15 04:34:33"
214,"DAUGHTER MADIGAN","A Beautiful Tale of a Hunter And a Mad Scientist who must Confront a Squirrel in The First Manned Space Station",2006,1,NULL,3,4.99,59,13.99,PG-13,Trailers,"2006-02-15 05:03:42",33,214,"2006-02-15 05:05:03",33,MILLA,PECK,"2006-02-15 04:34:33"
252,"DREAM PICKUP","A Epic Display of a Car And a Composer who must Overcome a Forensic Psychologist in The Gulf of Mexico",2006,1,NULL,6,2.99,135,18.99,PG,"Trailers,Commentaries,Behind the Scenes","2006-02-15 05:03:42",33,252,"2006-02-15 05:05:03",33,MILLA,PECK,"2006-02-15 04:34:33"
305,"FATAL HAUNTED","A Beautiful Drama of a Student And a Secret Agent who must Confront a Dentist in Ancient Japan",2006,1,NULL,6,2.99,91,24.99,PG,"Trailers,Behind the Scenes","2006-02-15 05:03:42",33,305,"2006-02-15 05:05:03",33,MILLA,PECK,"2006-02-15 04:34:33"
306,"FEATHERS METAL","A Thoughtful Yarn of a Monkey And a Teacher who must Find a Dog in Australia",2006,1,NULL,3,0.99,104,12.99,PG-13,"Trailers,Deleted Scenes","2006-02-15 05:03:42",33,306,"2006-02-15 05:05:03",33,MILLA,PECK,"2006-02-15 04:34:33"
473,"JACKET FRISCO","A Insightful Reflection of a Womanizer And a Husband who must Conquer a Pastry Chef in A Baloon",2006,1,NULL,5,2.99,181,16.99,PG-13,"Trailers,Deleted Scenes,Behind the Scenes","2006-02-15 05:03:42",33,473,"2006-02-15 05:05:03",33,MILLA,PECK,"2006-02-15 04:34:33"
489,"JUGGLER HARDLY","A Epic Story of a Mad Cow And a Astronaut who must Challenge a Car in California",2006,1,NULL,4,0.99,54,14.99,PG-13,"Trailers,Commentaries","2006-02-15 05:03:42",33,489,"2006-02-15 05:05:03",33,MILLA,PECK,"2006-02-15 04:34:33"
574,"MIDNIGHT WESTWARD","A Taut Reflection of a Husband And a A Shark who must Redeem a Pastry Chef in A Monastery",2006,1,NULL,3,0.99,86,19.99,G,"Trailers,Deleted Scenes","2006-02-15 05:03:42",33,574,"2006-02-15 05:05:03",33,MILLA,PECK,"2006-02-15 04:34:33"
618,"NECKLACE OUTBREAK","A Astounding Epistle of a Database Administrator And a Mad Scientist who must Pursue a Cat in California",2006,1,NULL,3,0.99,132,21.99,PG,"Trailers,Commentaries,Behind the Scenes","2006-02-15 05:03:42",33,618,"2006-02-15 05:05:03",33,MILLA,PECK,"2006-02-15 04:34:33"
667,"PEACH INNOCENT","A Action-Packed Drama of a Monkey And a Dentist who must Chase a Butler in Berlin",2006,1,NULL,3,2.99,160,20.99,PG-13,"Commentaries,Behind the Scenes","2006-02-15 05:03:42",33,667,"2006-02-15 05:05:03",33,MILLA,PECK,"2006-02-15 04:34:33"
694,"PREJUDICE OLEANDER","A Epic Saga of a Boy And a Dentist who must Outrace a Madman in A U-Boat",2006,1,NULL,6,4.99,98,15.99,PG-13,"Trailers,Commentaries,Deleted Scenes","2006-02-15 05:03:42",33,694,"2006-02-15 05:05:03",33,MILLA,PECK,"2006-02-15 04:34:33"
712,"RAIDERS ANTITRUST","A Amazing Drama of a Teacher And a Feminist who must Meet a Woman in The First Manned Space Station",2006,1,NULL,4,0.99,82,11.99,PG-13,"Deleted Scenes","2006-02-15 05:03:42",33,712,"2006-02-15 05:05:03",33,MILLA,PECK,"2006-02-15 04:34:33"
735,"ROBBERS JOON","A Thoughtful Story of a Mad Scientist And a Waitress who must Confront a Forensic Psychologist in Soviet Georgia",2006,1,NULL,7,2.99,102,26.99,PG-13,Commentaries,"2006-02-15 05:03:42",33,735,"2006-02-15 05:05:03",33,MILLA,PECK,"2006-02-15 04:34:33"
737,"ROCK INSTINCT","A Astounding Character Study of a Robot And a Moose who must Overcome a Astronaut in Ancient India",2006,1,NULL,4,0.99,102,28.99,G,"Trailers,Commentaries,Deleted Scenes,Behind the Scenes","2006-02-15 05:03:42",33,737,"2006-02-15 05:05:03",33,MILLA,PECK,"2006-02-15 04:34:33"
754,"RUSHMORE MERMAID","A Boring Story of a Woman And a Moose who must Reach a Husband in A Shark Tank",2006,1,NULL,6,2.99,150,17.99,PG-13,"Trailers,Commentaries,Deleted Scenes","2006-02-15 05:03:42",33,754,"2006-02-15 05:05:03",33,MILLA,PECK,"2006-02-15 04:34:33"
775,"SEATTLE EXPECATIONS","A Insightful Reflection of a Crocodile And a Sumo Wrestler who must Meet a Technical Writer in The Sahara Desert",2006,1,NULL,4,4.99,110,18.99,PG-13,Trailers,"2006-02-15 05:03:42",33,775,"2006-02-15 05:05:03",33,MILLA,PECK,"2006-02-15 04:34:33"
878,"TEEN APOLLO","A Awe-Inspiring Drama of a Dog And a Man who must Escape a Robot in A Shark Tank",2006,1,NULL,3,4.99,74,25.99,G,"Trailers,Deleted Scenes,Behind the Scenes","2006-02-15 05:03:42",33,878,"2006-02-15 05:05:03",33,MILLA,PECK,"2006-02-15 04:34:33"
881,"TEMPLE ATTRACTION","A Action-Packed Saga of a Forensic Psychologist And a Woman who must Battle a Womanizer in Soviet Georgia",2006,1,NULL,5,4.99,71,13.99,PG,"Commentaries,Deleted Scenes","2006-02-15 05:03:42",33,881,"2006-02-15 05:05:03",33,MILLA,PECK,"2006-02-15 04:34:33"
965,"WATERSHIP FRONTIER","A Emotional Yarn of a Boat And a Crocodile who must Meet a Moose in Soviet Georgia",2006,1,NULL,6,0.99,112,28.99,G,Commentaries,"2006-02-15 05:03:42",33,965,"2006-02-15 05:05:03",33,MILLA,PECK,"2006-02-15 04:34:33"
972,"WHISPERER GIANT","A Intrepid Story of a Dentist And a Hunter who must Confront a Monkey in Ancient Japan",2006,1,NULL,4,4.99,59,24.99,PG-13,"Trailers,Deleted Scenes","2006-02-15 05:03:42",33,972,"2006-02-15 05:05:03",33,MILLA,PECK,"2006-02-15 04:34:33"
993,"WRONG BEHAVIOR","A Emotional Saga of a Crocodile And a Sumo Wrestler who must Discover a Mad Cow in New Orleans",2006,1,NULL,6,2.99,178,10.99,PG-13,"Trailers,Behind the Scenes","2006-02-15 05:03:42",33,993,"2006-02-15 05:05:03",33,MILLA,PECK,"2006-02-15 04:34:33"
43,"ATLANTIS CAUSE","A Thrilling Yarn of a Feminist And a Hunter who must Fight a Technical Writer in A Shark Tank",2006,1,NULL,6,2.99,170,15.99,G,"Behind the Scenes","2006-02-15 05:03:42",34,43,"2006-02-15 05:05:03",34,AUDREY,OLIVIER,"2006-02-15 04:34:33"
90,"BOULEVARD MOB","A Fateful Epistle of a Moose And a Monkey who must Confront a Lumberjack in Ancient China",2006,1,NULL,3,0.99,63,11.99,R,Trailers,"2006-02-15 05:03:42",34,90,"2006-02-15 05:05:03",34,AUDREY,OLIVIER,"2006-02-15 04:34:33"
119,"CAPER MOTIONS","A Fateful Saga of a Moose And a Car who must Pursue a Woman in A MySQL Convention",2006,1,NULL,6,0.99,176,22.99,G,"Trailers,Commentaries,Deleted Scenes","2006-02-15 05:03:42",34,119,"2006-02-15 05:05:03",34,AUDREY,OLIVIER,"2006-02-15 04:34:33"
125,"CASSIDY WYOMING","A Intrepid Drama of a Frisbee And a Hunter who must Kill a Secret Agent in New Orleans",2006,1,NULL,5,2.99,61,19.99,NC-17,"Commentaries,Behind the Scenes","2006-02-15 05:03:42",34,125,"2006-02-15 05:05:03",34,AUDREY,OLIVIER,"2006-02-15 04:34:33"
172,"CONEHEADS SMOOCHY","A Touching Story of a Womanizer And a Composer who must Pursue a Husband in Nigeria",2006,1,NULL,7,4.99,112,12.99,NC-17,"Deleted Scenes,Behind the Scenes","2006-02-15 05:03:42",34,172,"2006-02-15 05:05:03",34,AUDREY,OLIVIER,"2006-02-15 04:34:33"
182,"CONTROL ANTHEM","A Fateful Documentary of a Robot And a Student who must Battle a Cat in A Monastery",2006,1,NULL,7,4.99,185,9.99,G,Commentaries,"2006-02-15 05:03:42",34,182,"2006-02-15 05:05:03",34,AUDREY,OLIVIER,"2006-02-15 04:34:33"
244,"DORADO NOTTING","A Action-Packed Tale of a Sumo Wrestler And a A Shark who must Meet a Frisbee in California",2006,1,NULL,5,4.99,139,26.99,NC-17,Commentaries,"2006-02-15 05:03:42",34,244,"2006-02-15 05:05:03",34,AUDREY,OLIVIER,"2006-02-15 04:34:33"
336,"FRENCH HOLIDAY","A Thrilling Epistle of a Dog And a Feminist who must Kill a Madman in Berlin",2006,1,NULL,5,4.99,99,22.99,PG,"Behind the Scenes","2006-02-15 05:03:42",34,336,"2006-02-15 05:05:03",34,AUDREY,OLIVIER,"2006-02-15 04:34:33"
389,"GUNFIGHTER MUSSOLINI","A Touching Saga of a Robot And a Boy who must Kill a Man in Ancient Japan",2006,1,NULL,3,2.99,127,9.99,PG-13,"Trailers,Commentaries","2006-02-15 05:03:42",34,389,"2006-02-15 05:05:03",34,AUDREY,OLIVIER,"2006-02-15 04:34:33"
393,"HALLOWEEN NUTS","A Amazing Panorama of a Forensic Psychologist And a Technical Writer who must Fight a Dentist in A U-Boat",2006,1,NULL,6,2.99,47,19.99,PG-13,"Deleted Scenes","2006-02-15 05:03:42",34,393,"2006-02-15 05:05:03",34,AUDREY,OLIVIER,"2006-02-15 04:34:33"
438,"HUMAN GRAFFITI","A Beautiful Reflection of a Womanizer And a Sumo Wrestler who must Chase a Database Administrator in The Gulf of Mexico",2006,1,NULL,3,2.99,68,22.99,NC-17,"Trailers,Behind the Scenes","2006-02-15 05:03:42",34,438,"2006-02-15 05:05:03",34,AUDREY,OLIVIER,"2006-02-15 04:34:33"
493,"KANE EXORCIST","A Epic Documentary of a Composer And a Robot who must Overcome a Car in Berlin",2006,1,NULL,5,0.99,92,18.99,R,"Trailers,Commentaries","2006-02-15 05:03:42",34,493,"2006-02-15 05:05:03",34,AUDREY,OLIVIER,"2006-02-15 04:34:33"
502,"KNOCK WARLOCK","A Unbelieveable Story of a Teacher And a Boat who must Confront a Moose in A Baloon",2006,1,NULL,4,2.99,71,21.99,PG-13,Trailers,"2006-02-15 05:03:42",34,502,"2006-02-15 05:05:03",34,AUDREY,OLIVIER,"2006-02-15 04:34:33"
525,"LOATHING LEGALLY","A Boring Epistle of a Pioneer And a Mad Scientist who must Escape a Frisbee in The Gulf of Mexico",2006,1,NULL,4,0.99,140,29.99,R,"Deleted Scenes","2006-02-15 05:03:42",34,525,"2006-02-15 05:05:03",34,AUDREY,OLIVIER,"2006-02-15 04:34:33"
668,"PEAK FOREVER","A Insightful Reflection of a Boat And a Secret Agent who must Vanquish a Astronaut in An Abandoned Mine Shaft",2006,1,NULL,7,4.99,80,25.99,PG,"Trailers,Commentaries,Deleted Scenes,Behind the Scenes","2006-02-15 05:03:42",34,668,"2006-02-15 05:05:03",34,AUDREY,OLIVIER,"2006-02-15 04:34:33"
720,"REDEMPTION COMFORTS","A Emotional Documentary of a Dentist And a Woman who must Battle a Mad Scientist in Ancient China",2006,1,NULL,3,2.99,179,20.99,NC-17,"Trailers,Deleted Scenes,Behind the Scenes","2006-02-15 05:03:42",34,720,"2006-02-15 05:05:03",34,AUDREY,OLIVIER,"2006-02-15 04:34:33"
779,"SENSE GREEK","A Taut Saga of a Lumberjack And a Pastry Chef who must Escape a Sumo Wrestler in An Abandoned Fun House",2006,1,NULL,4,4.99,54,23.99,R,"Deleted Scenes,Behind the Scenes","2006-02-15 05:03:42",34,779,"2006-02-15 05:05:03",34,AUDREY,OLIVIER,"2006-02-15 04:34:33"
788,"SHIP WONDERLAND","A Thrilling Saga of a Monkey And a Frisbee who must Escape a Explorer in The Outback",2006,1,NULL,5,2.99,104,15.99,R,Commentaries,"2006-02-15 05:03:42",34,788,"2006-02-15 05:05:03",34,AUDREY,OLIVIER,"2006-02-15 04:34:33"
794,"SIDE ARK","A Stunning Panorama of a Crocodile And a Womanizer who must Meet a Feminist in The Canadian Rockies",2006,1,NULL,5,0.99,52,28.99,G,"Deleted Scenes,Behind the Scenes","2006-02-15 05:03:42",34,794,"2006-02-15 05:05:03",34,AUDREY,OLIVIER,"2006-02-15 04:34:33"
836,"SQUAD FISH","A Fast-Paced Display of a Pastry Chef And a Dog who must Kill a Teacher in Berlin",2006,1,NULL,3,2.99,136,14.99,PG,"Commentaries,Deleted Scenes,Behind the Scenes","2006-02-15 05:03:42",34,836,"2006-02-15 05:05:03",34,AUDREY,OLIVIER,"2006-02-15 04:34:33"
846,"STING PERSONAL","A Fanciful Drama of a Frisbee And a Dog who must Fight a Madman in A Jet Boat",2006,1,NULL,3,4.99,93,9.99,NC-17,"Commentaries,Deleted Scenes,Behind the Scenes","2006-02-15 05:03:42",34,846,"2006-02-15 05:05:03",34,AUDREY,OLIVIER,"2006-02-15 04:34:33"
853,"STRANGER STRANGERS","A Awe-Inspiring Yarn of a Womanizer And a Explorer who must Fight a Woman in The First Manned Space Station",2006,1,NULL,3,4.99,139,12.99,G,"Commentaries,Deleted Scenes","2006-02-15 05:03:42",34,853,"2006-02-15 05:05:03",34,AUDREY,OLIVIER,"2006-02-15 04:34:33"
929,"USUAL UNTOUCHABLES","A Touching Display of a Explorer And a Lumberjack who must Fight a Forensic Psychologist in A Shark Tank",2006,1,NULL,5,4.99,128,21.99,PG-13,"Trailers,Commentaries,Behind the Scenes","2006-02-15 05:03:42",34,929,"2006-02-15 05:05:03",34,AUDREY,OLIVIER,"2006-02-15 04:34:33"
950,"VOLUME HOUSE","A Boring Tale of a Dog And a Woman who must Meet a Dentist in California",2006,1,NULL,7,4.99,132,12.99,PG,Commentaries,"2006-02-15 05:03:42",34,950,"2006-02-15 05:05:03",34,AUDREY,OLIVIER,"2006-02-15 04:34:33"
971,"WHALE BIKINI","A Intrepid Story of a Pastry Chef And a Database Administrator who must Kill a Feminist in A MySQL Convention",2006,1,NULL,4,4.99,109,11.99,PG-13,"Commentaries,Deleted Scenes,Behind the Scenes","2006-02-15 05:03:42",34,971,"2006-02-15 05:05:03",34,AUDREY,OLIVIER,"2006-02-15 04:34:33"
10,"ALADDIN CALENDAR","A Action-Packed Tale of a Man And a Lumberjack who must Reach a Feminist in Ancient China",2006,1,NULL,6,4.99,63,24.99,NC-17,"Trailers,Deleted Scenes","2006-02-15 05:03:42",35,10,"2006-02-15 05:05:03",35,JUDY,DEAN,"2006-02-15 04:34:33"
35,"ARACHNOPHOBIA ROLLERCOASTER","A Action-Packed Reflection of a Pastry Chef And a Composer who must Discover a Mad Scientist in The First Manned Space Station",2006,1,NULL,4,2.99,147,24.99,PG-13,"Trailers,Deleted Scenes,Behind the Scenes","2006-02-15 05:03:42",35,35,"2006-02-15 05:05:03",35,JUDY,DEAN,"2006-02-15 04:34:33"
52,"BALLROOM MOCKINGBIRD","A Thrilling Documentary of a Composer And a Monkey who must Find a Feminist in California",2006,1,NULL,6,0.99,173,29.99,G,"Commentaries,Deleted Scenes","2006-02-15 05:03:42",35,52,"2006-02-15 05:05:03",35,JUDY,DEAN,"2006-02-15 04:34:33"
201,"CYCLONE FAMILY","A Lacklusture Drama of a Student And a Monkey who must Sink a Womanizer in A MySQL Convention",2006,1,NULL,7,2.99,176,18.99,PG,"Trailers,Deleted Scenes","2006-02-15 05:03:42",35,201,"2006-02-15 05:05:03",35,JUDY,DEAN,"2006-02-15 04:34:33"
256,"DROP WATERFRONT","A Fanciful Documentary of a Husband And a Explorer who must Reach a Madman in Ancient China",2006,1,NULL,6,4.99,178,20.99,R,"Trailers,Commentaries","2006-02-15 05:03:42",35,256,"2006-02-15 05:05:03",35,JUDY,DEAN,"2006-02-15 04:34:33"
389,"GUNFIGHTER MUSSOLINI","A Touching Saga of a Robot And a Boy who must Kill a Man in Ancient Japan",2006,1,NULL,3,2.99,127,9.99,PG-13,"Trailers,Commentaries","2006-02-15 05:03:42",35,389,"2006-02-15 05:05:03",35,JUDY,DEAN,"2006-02-15 04:34:33"
589,"MODERN DORADO","A Awe-Inspiring Story of a Butler And a Sumo Wrestler who must Redeem a Boy in New Orleans",2006,1,NULL,3,0.99,74,20.99,PG,"Trailers,Commentaries,Deleted Scenes","2006-02-15 05:03:42",35,589,"2006-02-15 05:05:03",35,JUDY,DEAN,"2006-02-15 04:34:33"
612,"MUSSOLINI SPOILERS","A Thrilling Display of a Boat And a Monkey who must Meet a Composer in Ancient China",2006,1,NULL,6,2.99,180,10.99,G,"Deleted Scenes,Behind the Scenes","2006-02-15 05:03:42",35,612,"2006-02-15 05:05:03",35,JUDY,DEAN,"2006-02-15 04:34:33"
615,"NASH CHOCOLAT","A Epic Reflection of a Monkey And a Mad Cow who must Kill a Forensic Psychologist in An Abandoned Mine Shaft",2006,1,NULL,6,2.99,180,21.99,PG-13,"Commentaries,Behind the Scenes","2006-02-15 05:03:42",35,615,"2006-02-15 05:05:03",35,JUDY,DEAN,"2006-02-15 04:34:33"
707,"QUEST MUSSOLINI","A Fateful Drama of a Husband And a Sumo Wrestler who must Battle a Pastry Chef in A Baloon Factory",2006,1,NULL,5,2.99,177,29.99,R,"Behind the Scenes","2006-02-15 05:03:42",35,707,"2006-02-15 05:05:03",35,JUDY,DEAN,"2006-02-15 04:34:33"
732,"RINGS HEARTBREAKERS","A Amazing Yarn of a Sumo Wrestler And a Boat who must Conquer a Waitress in New Orleans",2006,1,NULL,5,0.99,58,17.99,G,"Trailers,Commentaries,Behind the Scenes","2006-02-15 05:03:42",35,732,"2006-02-15 05:05:03",35,JUDY,DEAN,"2006-02-15 04:34:33"
738,"ROCKETEER MOTHER","A Awe-Inspiring Character Study of a Robot And a Sumo Wrestler who must Discover a Womanizer in A Shark Tank",2006,1,NULL,3,0.99,178,27.99,PG-13,"Deleted Scenes,Behind the Scenes","2006-02-15 05:03:42",35,738,"2006-02-15 05:05:03",35,JUDY,DEAN,"2006-02-15 04:34:33"
748,"RUGRATS SHAKESPEARE","A Touching Saga of a Crocodile And a Crocodile who must Discover a Technical Writer in Nigeria",2006,1,NULL,4,0.99,109,16.99,PG-13,"Trailers,Commentaries,Deleted Scenes,Behind the Scenes","2006-02-15 05:03:42",35,748,"2006-02-15 05:05:03",35,JUDY,DEAN,"2006-02-15 04:34:33"
817,"SOLDIERS EVOLUTION","A Lacklusture Panorama of a A Shark And a Pioneer who must Confront a Student in The First Manned Space Station",2006,1,NULL,7,4.99,185,27.99,R,"Trailers,Commentaries,Deleted Scenes,Behind the Scenes","2006-02-15 05:03:42",35,817,"2006-02-15 05:05:03",35,JUDY,DEAN,"2006-02-15 04:34:33"
914,"TROUBLE DATE","A Lacklusture Panorama of a Forensic Psychologist And a Woman who must Kill a Explorer in Ancient Japan",2006,1,NULL,6,2.99,61,13.99,PG,"Trailers,Commentaries,Behind the Scenes","2006-02-15 05:03:42",35,914,"2006-02-15 05:05:03",35,JUDY,DEAN,"2006-02-15 04:34:33"
15,"ALIEN CENTER","A Brilliant Drama of a Cat And a Mad Scientist who must Battle a Feminist in A MySQL Convention",2006,1,NULL,5,2.99,46,10.99,NC-17,"Trailers,Commentaries,Behind the Scenes","2006-02-15 05:03:42",36,15,"2006-02-15 05:05:03",36,BURT,DUKAKIS,"2006-02-15 04:34:33"
81,"BLINDNESS GUN","A Touching Drama of a Robot And a Dentist who must Meet a Hunter in A Jet Boat",2006,1,NULL,6,4.99,103,29.99,PG-13,"Trailers,Behind the Scenes","2006-02-15 05:03:42",36,81,"2006-02-15 05:05:03",36,BURT,DUKAKIS,"2006-02-15 04:34:33"
171,"COMMANDMENTS EXPRESS","A Fanciful Saga of a Student And a Mad Scientist who must Battle a Hunter in An Abandoned Mine Shaft",2006,1,NULL,6,4.99,59,13.99,R,"Trailers,Commentaries,Deleted Scenes","2006-02-15 05:03:42",36,171,"2006-02-15 05:05:03",36,BURT,DUKAKIS,"2006-02-15 04:34:33"
231,"DINOSAUR SECRETARY","A Action-Packed Drama of a Feminist And a Girl who must Reach a Robot in The Canadian Rockies",2006,1,NULL,7,2.99,63,27.99,R,"Trailers,Behind the Scenes","2006-02-15 05:03:42",36,231,"2006-02-15 05:05:03",36,BURT,DUKAKIS,"2006-02-15 04:34:33"
245,"DOUBLE WRATH","A Thoughtful Yarn of a Womanizer And a Dog who must Challenge a Madman in The Gulf of Mexico",2006,1,NULL,4,0.99,177,28.99,R,"Trailers,Deleted Scenes,Behind the Scenes","2006-02-15 05:03:42",36,245,"2006-02-15 05:05:03",36,BURT,DUKAKIS,"2006-02-15 04:34:33"
283,"ENDING CROWDS","A Unbelieveable Display of a Dentist And a Madman who must Vanquish a Squirrel in Berlin",2006,1,NULL,6,0.99,85,10.99,NC-17,"Commentaries,Behind the Scenes","2006-02-15 05:03:42",36,283,"2006-02-15 05:05:03",36,BURT,DUKAKIS,"2006-02-15 04:34:33"
380,"GREEK EVERYONE","A Stunning Display of a Butler And a Teacher who must Confront a A Shark in The First Manned Space Station",2006,1,NULL,7,2.99,176,11.99,PG,"Trailers,Deleted Scenes","2006-02-15 05:03:42",36,380,"2006-02-15 05:05:03",36,BURT,DUKAKIS,"2006-02-15 04:34:33"
381,"GRINCH MASSAGE","A Intrepid Display of a Madman And a Feminist who must Pursue a Pioneer in The First Manned Space Station",2006,1,NULL,7,4.99,150,25.99,R,Trailers,"2006-02-15 05:03:42",36,381,"2006-02-15 05:05:03",36,BURT,DUKAKIS,"2006-02-15 04:34:33"
387,"GUN BONNIE","A Boring Display of a Sumo Wrestler And a Husband who must Build a Waitress in The Gulf of Mexico",2006,1,NULL,7,0.99,100,27.99,G,"Behind the Scenes","2006-02-15 05:03:42",36,387,"2006-02-15 05:05:03",36,BURT,DUKAKIS,"2006-02-15 04:34:33"
390,"GUYS FALCON","A Boring Story of a Woman And a Feminist who must Redeem a Squirrel in A U-Boat",2006,1,NULL,4,4.99,84,20.99,R,"Trailers,Commentaries,Behind the Scenes","2006-02-15 05:03:42",36,390,"2006-02-15 05:05:03",36,BURT,DUKAKIS,"2006-02-15 04:34:33"
410,"HEAVEN FREEDOM","A Intrepid Story of a Butler And a Car who must Vanquish a Man in New Orleans",2006,1,NULL,7,2.99,48,19.99,PG,Commentaries,"2006-02-15 05:03:42",36,410,"2006-02-15 05:05:03",36,BURT,DUKAKIS,"2006-02-15 04:34:33"
426,"HOME PITY","A Touching Panorama of a Man And a Secret Agent who must Challenge a Teacher in A MySQL Convention",2006,1,NULL,7,4.99,185,15.99,R,"Trailers,Commentaries,Behind the Scenes","2006-02-15 05:03:42",36,426,"2006-02-15 05:05:03",36,BURT,DUKAKIS,"2006-02-15 04:34:33"
427,"HOMEWARD CIDER","A Taut Reflection of a Astronaut And a Squirrel who must Fight a Squirrel in A Manhattan Penthouse",2006,1,NULL,5,0.99,103,19.99,R,Trailers,"2006-02-15 05:03:42",36,427,"2006-02-15 05:05:03",36,BURT,DUKAKIS,"2006-02-15 04:34:33"
453,"IMAGE PRINCESS","A Lacklusture Panorama of a Secret Agent And a Crocodile who must Discover a Madman in The Canadian Rockies",2006,1,NULL,3,2.99,178,17.99,PG-13,"Trailers,Commentaries,Deleted Scenes","2006-02-15 05:03:42",36,453,"2006-02-15 05:05:03",36,BURT,DUKAKIS,"2006-02-15 04:34:33"
466,"INTOLERABLE INTENTIONS","A Awe-Inspiring Story of a Monkey And a Pastry Chef who must Succumb a Womanizer in A MySQL Convention",2006,1,NULL,6,4.99,63,20.99,PG-13,"Commentaries,Behind the Scenes","2006-02-15 05:03:42",36,466,"2006-02-15 05:05:03",36,BURT,DUKAKIS,"2006-02-15 04:34:33"
484,"JERK PAYCHECK","A Touching Character Study of a Pastry Chef And a Database Administrator who must Reach a A Shark in Ancient Japan",2006,1,NULL,3,2.99,172,13.99,NC-17,"Trailers,Commentaries,Deleted Scenes,Behind the Scenes","2006-02-15 05:03:42",36,484,"2006-02-15 05:05:03",36,BURT,DUKAKIS,"2006-02-15 04:34:33"
493,"KANE EXORCIST","A Epic Documentary of a Composer And a Robot who must Overcome a Car in Berlin",2006,1,NULL,5,0.99,92,18.99,R,"Trailers,Commentaries","2006-02-15 05:03:42",36,493,"2006-02-15 05:05:03",36,BURT,DUKAKIS,"2006-02-15 04:34:33"
499,"KING EVOLUTION","A Action-Packed Tale of a Boy And a Lumberjack who must Chase a Madman in A Baloon",2006,1,NULL,3,4.99,184,24.99,NC-17,"Trailers,Deleted Scenes,Behind the Scenes","2006-02-15 05:03:42",36,499,"2006-02-15 05:05:03",36,BURT,DUKAKIS,"2006-02-15 04:34:33"
569,"MENAGERIE RUSHMORE","A Unbelieveable Panorama of a Composer And a Butler who must Overcome a Database Administrator in The First Manned Space Station",2006,1,NULL,7,2.99,147,18.99,G,"Trailers,Commentaries,Deleted Scenes","2006-02-15 05:03:42",36,569,"2006-02-15 05:05:03",36,BURT,DUKAKIS,"2006-02-15 04:34:33"
590,"MONEY HAROLD","A Touching Tale of a Explorer And a Boat who must Defeat a Robot in Australia",2006,1,NULL,3,2.99,135,17.99,PG,"Trailers,Commentaries","2006-02-15 05:03:42",36,590,"2006-02-15 05:05:03",36,BURT,DUKAKIS,"2006-02-15 04:34:33"
600,"MOTIONS DETAILS","A Awe-Inspiring Reflection of a Dog And a Student who must Kill a Car in An Abandoned Fun House",2006,1,NULL,5,0.99,166,16.99,PG,"Trailers,Commentaries,Behind the Scenes","2006-02-15 05:03:42",36,600,"2006-02-15 05:05:03",36,BURT,DUKAKIS,"2006-02-15 04:34:33"
714,"RANDOM GO","A Fateful Drama of a Frisbee And a Student who must Confront a Cat in A Shark Tank",2006,1,NULL,6,2.99,73,29.99,NC-17,Trailers,"2006-02-15 05:03:42",36,714,"2006-02-15 05:05:03",36,BURT,DUKAKIS,"2006-02-15 04:34:33"
715,"RANGE MOONWALKER","A Insightful Documentary of a Hunter And a Dentist who must Confront a Crocodile in A Baloon",2006,1,NULL,3,4.99,147,25.99,PG,"Trailers,Commentaries,Deleted Scenes","2006-02-15 05:03:42",36,715,"2006-02-15 05:05:03",36,BURT,DUKAKIS,"2006-02-15 04:34:33"
716,"REAP UNFAITHFUL","A Thrilling Epistle of a Composer And a Sumo Wrestler who must Challenge a Mad Cow in A MySQL Convention",2006,1,NULL,6,2.99,136,26.99,PG-13,"Trailers,Commentaries","2006-02-15 05:03:42",36,716,"2006-02-15 05:05:03",36,BURT,DUKAKIS,"2006-02-15 04:34:33"
731,"RIGHT CRANES","A Fateful Character Study of a Boat And a Cat who must Find a Database Administrator in A Jet Boat",2006,1,NULL,7,4.99,153,29.99,PG-13,"Trailers,Commentaries,Deleted Scenes","2006-02-15 05:03:42",36,731,"2006-02-15 05:05:03",36,BURT,DUKAKIS,"2006-02-15 04:34:33"
875,"TALENTED HOMICIDE","A Lacklusture Panorama of a Dentist And a Forensic Psychologist who must Outrace a Pioneer in A U-Boat",2006,1,NULL,6,0.99,173,9.99,PG,"Commentaries,Deleted Scenes,Behind the Scenes","2006-02-15 05:03:42",36,875,"2006-02-15 05:05:03",36,BURT,DUKAKIS,"2006-02-15 04:34:33"
915,"TRUMAN CRAZY","A Thrilling Epistle of a Moose And a Boy who must Meet a Database Administrator in A Monastery",2006,1,NULL,7,4.99,92,9.99,G,"Trailers,Commentaries","2006-02-15 05:03:42",36,915,"2006-02-15 05:05:03",36,BURT,DUKAKIS,"2006-02-15 04:34:33"
931,"VALENTINE VANISHING","A Thrilling Display of a Husband And a Butler who must Reach a Pastry Chef in California",2006,1,NULL,7,0.99,48,9.99,PG-13,"Trailers,Behind the Scenes","2006-02-15 05:03:42",36,931,"2006-02-15 05:05:03",36,BURT,DUKAKIS,"2006-02-15 04:34:33"
956,"WANDA CHAMBER","A Insightful Drama of a A Shark And a Pioneer who must Find a Womanizer in The Outback",2006,1,NULL,7,4.99,107,23.99,PG-13,"Commentaries,Deleted Scenes,Behind the Scenes","2006-02-15 05:03:42",36,956,"2006-02-15 05:05:03",36,BURT,DUKAKIS,"2006-02-15 04:34:33"
10,"ALADDIN CALENDAR","A Action-Packed Tale of a Man And a Lumberjack who must Reach a Feminist in Ancient China",2006,1,NULL,6,4.99,63,24.99,NC-17,"Trailers,Deleted Scenes","2006-02-15 05:03:42",37,10,"2006-02-15 05:05:03",37,VAL,BOLGER,"2006-02-15 04:34:33"
12,"ALASKA PHANTOM","A Fanciful Saga of a Hunter And a Pastry Chef who must Vanquish a Boy in Australia",2006,1,NULL,6,0.99,136,22.99,PG,"Commentaries,Deleted Scenes","2006-02-15 05:03:42",37,12,"2006-02-15 05:05:03",37,VAL,BOLGER,"2006-02-15 04:34:33"
19,"AMADEUS HOLY","A Emotional Display of a Pioneer And a Technical Writer who must Battle a Man in A Baloon",2006,1,NULL,6,0.99,113,20.99,PG,"Commentaries,Deleted Scenes,Behind the Scenes","2006-02-15 05:03:42",37,19,"2006-02-15 05:05:03",37,VAL,BOLGER,"2006-02-15 04:34:33"
118,"CANYON STOCK","A Thoughtful Reflection of a Waitress And a Feminist who must Escape a Squirrel in A Manhattan Penthouse",2006,1,NULL,7,0.99,85,26.99,R,"Trailers,Deleted Scenes","2006-02-15 05:03:42",37,118,"2006-02-15 05:05:03",37,VAL,BOLGER,"2006-02-15 04:34:33"
119,"CAPER MOTIONS","A Fateful Saga of a Moose And a Car who must Pursue a Woman in A MySQL Convention",2006,1,NULL,6,0.99,176,22.99,G,"Trailers,Commentaries,Deleted Scenes","2006-02-15 05:03:42",37,119,"2006-02-15 05:05:03",37,VAL,BOLGER,"2006-02-15 04:34:33"
122,"CARRIE BUNCH","A Amazing Epistle of a Student And a Astronaut who must Discover a Frisbee in The Canadian Rockies",2006,1,NULL,7,0.99,114,11.99,PG,"Trailers,Commentaries,Behind the Scenes","2006-02-15 05:03:42",37,122,"2006-02-15 05:05:03",37,VAL,BOLGER,"2006-02-15 04:34:33"
146,"CHITTY LOCK","A Boring Epistle of a Boat And a Database Administrator who must Kill a Sumo Wrestler in The First Manned Space Station",2006,1,NULL,6,2.99,107,24.99,G,Commentaries,"2006-02-15 05:03:42",37,146,"2006-02-15 05:05:03",37,VAL,BOLGER,"2006-02-15 04:34:33"
204,"DALMATIONS SWEDEN","A Emotional Epistle of a Moose And a Hunter who must Overcome a Robot in A Manhattan Penthouse",2006,1,NULL,4,0.99,106,25.99,PG,"Trailers,Commentaries,Deleted Scenes","2006-02-15 05:03:42",37,204,"2006-02-15 05:05:03",37,VAL,BOLGER,"2006-02-15 04:34:33"
253,"DRIFTER COMMANDMENTS","A Epic Reflection of a Womanizer And a Squirrel who must Discover a Husband in A Jet Boat",2006,1,NULL,5,4.99,61,18.99,PG-13,"Trailers,Behind the Scenes","2006-02-15 05:03:42",37,253,"2006-02-15 05:05:03",37,VAL,BOLGER,"2006-02-15 04:34:33"
260,"DUDE BLINDNESS","A Stunning Reflection of a Husband And a Lumberjack who must Face a Frisbee in An Abandoned Fun House",2006,1,NULL,3,4.99,132,9.99,G,"Trailers,Deleted Scenes","2006-02-15 05:03:42",37,260,"2006-02-15 05:05:03",37,VAL,BOLGER,"2006-02-15 04:34:33"
277,"ELEPHANT TROJAN","A Beautiful Panorama of a Lumberjack And a Forensic Psychologist who must Overcome a Frisbee in A Baloon",2006,1,NULL,4,4.99,126,24.99,PG-13,"Behind the Scenes","2006-02-15 05:03:42",37,277,"2006-02-15 05:05:03",37,VAL,BOLGER,"2006-02-15 04:34:33"
317,"FIREBALL PHILADELPHIA","A Amazing Yarn of a Dentist And a A Shark who must Vanquish a Madman in An Abandoned Mine Shaft",2006,1,NULL,4,0.99,148,25.99,PG,"Trailers,Commentaries,Behind the Scenes","2006-02-15 05:03:42",37,317,"2006-02-15 05:05:03",37,VAL,BOLGER,"2006-02-15 04:34:33"
467,"INTRIGUE WORST","A Fanciful Character Study of a Explorer And a Mad Scientist who must Vanquish a Squirrel in A Jet Boat",2006,1,NULL,6,0.99,181,10.99,G,"Deleted Scenes","2006-02-15 05:03:42",37,467,"2006-02-15 05:05:03",37,VAL,BOLGER,"2006-02-15 04:34:33"
477,"JAWBREAKER BROOKLYN","A Stunning Reflection of a Boat And a Pastry Chef who must Succumb a A Shark in A Jet Boat",2006,1,NULL,5,0.99,118,15.99,PG,"Trailers,Behind the Scenes","2006-02-15 05:03:42",37,477,"2006-02-15 05:05:03",37,VAL,BOLGER,"2006-02-15 04:34:33"
485,"JERSEY SASSY","A Lacklusture Documentary of a Madman And a Mad Cow who must Find a Feminist in Ancient Japan",2006,1,NULL,6,4.99,60,16.99,PG,"Deleted Scenes,Behind the Scenes","2006-02-15 05:03:42",37,485,"2006-02-15 05:05:03",37,VAL,BOLGER,"2006-02-15 04:34:33"
508,"LAMBS CINCINATTI","A Insightful Story of a Man And a Feminist who must Fight a Composer in Australia",2006,1,NULL,6,4.99,144,18.99,PG-13,"Trailers,Behind the Scenes","2006-02-15 05:03:42",37,508,"2006-02-15 05:05:03",37,VAL,BOLGER,"2006-02-15 04:34:33"
529,"LONELY ELEPHANT","A Intrepid Story of a Student And a Dog who must Challenge a Explorer in Soviet Georgia",2006,1,NULL,3,2.99,67,12.99,G,"Trailers,Commentaries,Deleted Scenes,Behind the Scenes","2006-02-15 05:03:42",37,529,"2006-02-15 05:05:03",37,VAL,BOLGER,"2006-02-15 04:34:33"
553,"MAKER GABLES","A Stunning Display of a Moose And a Database Administrator who must Pursue a Composer in A Jet Boat",2006,1,NULL,4,0.99,136,12.99,PG-13,"Deleted Scenes,Behind the Scenes","2006-02-15 05:03:42",37,553,"2006-02-15 05:05:03",37,VAL,BOLGER,"2006-02-15 04:34:33"
555,"MALLRATS UNITED","A Thrilling Yarn of a Waitress And a Dentist who must Find a Hunter in A Monastery",2006,1,NULL,4,0.99,133,25.99,PG,"Trailers,Commentaries,Deleted Scenes","2006-02-15 05:03:42",37,555,"2006-02-15 05:05:03",37,VAL,BOLGER,"2006-02-15 04:34:33"
572,"METROPOLIS COMA","A Emotional Saga of a Database Administrator And a Pastry Chef who must Confront a Teacher in A Baloon Factory",2006,1,NULL,4,2.99,64,9.99,PG-13,"Trailers,Commentaries,Behind the Scenes","2006-02-15 05:03:42",37,572,"2006-02-15 05:05:03",37,VAL,BOLGER,"2006-02-15 04:34:33"
588,"MODEL FISH","A Beautiful Panorama of a Boat And a Crocodile who must Outrace a Dog in Australia",2006,1,NULL,4,4.99,175,11.99,NC-17,"Trailers,Commentaries,Behind the Scenes","2006-02-15 05:03:42",37,588,"2006-02-15 05:05:03",37,VAL,BOLGER,"2006-02-15 04:34:33"
662,"PATHS CONTROL","A Astounding Documentary of a Butler And a Cat who must Find a Frisbee in Ancient China",2006,1,NULL,3,4.99,118,9.99,PG,"Trailers,Behind the Scenes","2006-02-15 05:03:42",37,662,"2006-02-15 05:05:03",37,VAL,BOLGER,"2006-02-15 04:34:33"
663,"PATIENT SISTER","A Emotional Epistle of a Squirrel And a Robot who must Confront a Lumberjack in Soviet Georgia",2006,1,NULL,7,0.99,99,29.99,NC-17,"Trailers,Commentaries","2006-02-15 05:03:42",37,663,"2006-02-15 05:05:03",37,VAL,BOLGER,"2006-02-15 04:34:33"
694,"PREJUDICE OLEANDER","A Epic Saga of a Boy And a Dentist who must Outrace a Madman in A U-Boat",2006,1,NULL,6,4.99,98,15.99,PG-13,"Trailers,Commentaries,Deleted Scenes","2006-02-15 05:03:42",37,694,"2006-02-15 05:05:03",37,VAL,BOLGER,"2006-02-15 04:34:33"
697,"PRIMARY GLASS","A Fateful Documentary of a Pastry Chef And a Butler who must Build a Dog in The Canadian Rockies",2006,1,NULL,7,0.99,53,16.99,G,"Trailers,Deleted Scenes,Behind the Scenes","2006-02-15 05:03:42",37,697,"2006-02-15 05:05:03",37,VAL,BOLGER,"2006-02-15 04:34:33"
785,"SHAWSHANK BUBBLE","A Lacklusture Story of a Moose And a Monkey who must Confront a Butler in An Abandoned Amusement Park",2006,1,NULL,6,4.99,80,20.99,PG,"Commentaries,Deleted Scenes","2006-02-15 05:03:42",37,785,"2006-02-15 05:05:03",37,VAL,BOLGER,"2006-02-15 04:34:33"
839,"STALLION SUNDANCE","A Fast-Paced Tale of a Car And a Dog who must Outgun a A Shark in Australia",2006,1,NULL,5,0.99,130,23.99,PG-13,"Deleted Scenes,Behind the Scenes","2006-02-15 05:03:42",37,839,"2006-02-15 05:05:03",37,VAL,BOLGER,"2006-02-15 04:34:33"
840,"STAMPEDE DISTURBING","A Unbelieveable Tale of a Woman And a Lumberjack who must Fight a Frisbee in A U-Boat",2006,1,NULL,5,0.99,75,26.99,R,"Commentaries,Deleted Scenes,Behind the Scenes","2006-02-15 05:03:42",37,840,"2006-02-15 05:05:03",37,VAL,BOLGER,"2006-02-15 04:34:33"
853,"STRANGER STRANGERS","A Awe-Inspiring Yarn of a Womanizer And a Explorer who must Fight a Woman in The First Manned Space Station",2006,1,NULL,3,4.99,139,12.99,G,"Commentaries,Deleted Scenes","2006-02-15 05:03:42",37,853,"2006-02-15 05:05:03",37,VAL,BOLGER,"2006-02-15 04:34:33"
900,"TOWN ARK","A Awe-Inspiring Documentary of a Moose And a Madman who must Meet a Dog in An Abandoned Mine Shaft",2006,1,NULL,6,2.99,136,17.99,R,"Behind the Scenes","2006-02-15 05:03:42",37,900,"2006-02-15 05:05:03",37,VAL,BOLGER,"2006-02-15 04:34:33"
925,"UNITED PILOT","A Fast-Paced Reflection of a Cat And a Mad Cow who must Fight a Car in The Sahara Desert",2006,1,NULL,3,0.99,164,27.99,R,"Trailers,Deleted Scenes","2006-02-15 05:03:42",37,925,"2006-02-15 05:05:03",37,VAL,BOLGER,"2006-02-15 04:34:33"
963,"WATCH TRACY","A Fast-Paced Yarn of a Dog And a Frisbee who must Conquer a Hunter in Nigeria",2006,1,NULL,5,0.99,78,12.99,PG,"Trailers,Deleted Scenes,Behind the Scenes","2006-02-15 05:03:42",37,963,"2006-02-15 05:05:03",37,VAL,BOLGER,"2006-02-15 04:34:33"
966,"WEDDING APOLLO","A Action-Packed Tale of a Student And a Waitress who must Conquer a Lumberjack in An Abandoned Mine Shaft",2006,1,NULL,3,0.99,70,14.99,PG,Trailers,"2006-02-15 05:03:42",37,966,"2006-02-15 05:05:03",37,VAL,BOLGER,"2006-02-15 04:34:33"
989,"WORKING MICROCOSMOS","A Stunning Epistle of a Dentist And a Dog who must Kill a Madman in Ancient China",2006,1,NULL,4,4.99,74,22.99,R,"Commentaries,Deleted Scenes","2006-02-15 05:03:42",37,989,"2006-02-15 05:05:03",37,VAL,BOLGER,"2006-02-15 04:34:33"
997,"YOUTH KICK","A Touching Drama of a Teacher And a Cat who must Challenge a Technical Writer in A U-Boat",2006,1,NULL,4,0.99,179,14.99,NC-17,"Trailers,Behind the Scenes","2006-02-15 05:03:42",37,997,"2006-02-15 05:05:03",37,VAL,BOLGER,"2006-02-15 04:34:33"
24,"ANALYZE HOOSIERS","A Thoughtful Display of a Explorer And a Pastry Chef who must Overcome a Feminist in The Sahara Desert",2006,1,NULL,6,2.99,181,19.99,R,"Trailers,Behind the Scenes","2006-02-15 05:03:42",38,24,"2006-02-15 05:05:03",38,TOM,MCKELLEN,"2006-02-15 04:34:33"
111,"CADDYSHACK JEDI","A Awe-Inspiring Epistle of a Woman And a Madman who must Fight a Robot in Soviet Georgia",2006,1,NULL,3,0.99,52,17.99,NC-17,"Commentaries,Deleted Scenes","2006-02-15 05:03:42",38,111,"2006-02-15 05:05:03",38,TOM,MCKELLEN,"2006-02-15 04:34:33"
160,"CLUB GRAFFITI","A Epic Tale of a Pioneer And a Hunter who must Escape a Girl in A U-Boat",2006,1,NULL,4,0.99,65,12.99,PG-13,"Trailers,Deleted Scenes","2006-02-15 05:03:42",38,160,"2006-02-15 05:05:03",38,TOM,MCKELLEN,"2006-02-15 04:34:33"
176,"CONGENIALITY QUEST","A Touching Documentary of a Cat And a Pastry Chef who must Find a Lumberjack in A Baloon",2006,1,NULL,6,0.99,87,21.99,PG-13,"Commentaries,Behind the Scenes","2006-02-15 05:03:42",38,176,"2006-02-15 05:05:03",38,TOM,MCKELLEN,"2006-02-15 04:34:33"
223,"DESIRE ALIEN","A Fast-Paced Tale of a Dog And a Forensic Psychologist who must Meet a Astronaut in The First Manned Space Station",2006,1,NULL,7,2.99,76,24.99,NC-17,"Deleted Scenes","2006-02-15 05:03:42",38,223,"2006-02-15 05:05:03",38,TOM,MCKELLEN,"2006-02-15 04:34:33"
241,"DONNIE ALLEY","A Awe-Inspiring Tale of a Butler And a Frisbee who must Vanquish a Teacher in Ancient Japan",2006,1,NULL,4,0.99,125,20.99,NC-17,"Trailers,Commentaries,Behind the Scenes","2006-02-15 05:03:42",38,241,"2006-02-15 05:05:03",38,TOM,MCKELLEN,"2006-02-15 04:34:33"
274,"EGG IGBY","A Beautiful Documentary of a Boat And a Sumo Wrestler who must Succumb a Database Administrator in The First Manned Space Station",2006,1,NULL,4,2.99,67,20.99,PG,"Commentaries,Behind the Scenes","2006-02-15 05:03:42",38,274,"2006-02-15 05:05:03",38,TOM,MCKELLEN,"2006-02-15 04:34:33"
335,"FREEDOM CLEOPATRA","A Emotional Reflection of a Dentist And a Mad Cow who must Face a Squirrel in A Baloon",2006,1,NULL,5,0.99,133,23.99,PG-13,"Trailers,Commentaries,Behind the Scenes","2006-02-15 05:03:42",38,335,"2006-02-15 05:05:03",38,TOM,MCKELLEN,"2006-02-15 04:34:33"
338,"FRISCO FORREST","A Beautiful Documentary of a Woman And a Pioneer who must Pursue a Mad Scientist in A Shark Tank",2006,1,NULL,6,4.99,51,23.99,PG,"Commentaries,Deleted Scenes,Behind the Scenes","2006-02-15 05:03:42",38,338,"2006-02-15 05:05:03",38,TOM,MCKELLEN,"2006-02-15 04:34:33"
353,"GENTLEMEN STAGE","A Awe-Inspiring Reflection of a Monkey And a Student who must Overcome a Dentist in The First Manned Space Station",2006,1,NULL,6,2.99,125,22.99,NC-17,"Commentaries,Deleted Scenes","2006-02-15 05:03:42",38,353,"2006-02-15 05:05:03",38,TOM,MCKELLEN,"2006-02-15 04:34:33"
448,"IDAHO LOVE","A Fast-Paced Drama of a Student And a Crocodile who must Meet a Database Administrator in The Outback",2006,1,NULL,3,2.99,172,25.99,PG-13,"Trailers,Commentaries,Deleted Scenes,Behind the Scenes","2006-02-15 05:03:42",38,448,"2006-02-15 05:05:03",38,TOM,MCKELLEN,"2006-02-15 04:34:33"
450,"IDOLS SNATCHERS","A Insightful Drama of a Car And a Composer who must Fight a Man in A Monastery",2006,1,NULL,5,2.99,84,29.99,NC-17,Trailers,"2006-02-15 05:03:42",38,450,"2006-02-15 05:05:03",38,TOM,MCKELLEN,"2006-02-15 04:34:33"
458,"INDIAN LOVE","A Insightful Saga of a Mad Scientist And a Mad Scientist who must Kill a Astronaut in An Abandoned Fun House",2006,1,NULL,4,0.99,135,26.99,NC-17,"Trailers,Commentaries,Deleted Scenes,Behind the Scenes","2006-02-15 05:03:42",38,458,"2006-02-15 05:05:03",38,TOM,MCKELLEN,"2006-02-15 04:34:33"
501,"KISSING DOLLS","A Insightful Reflection of a Pioneer And a Teacher who must Build a Composer in The First Manned Space Station",2006,1,NULL,3,4.99,141,9.99,R,Trailers,"2006-02-15 05:03:42",38,501,"2006-02-15 05:05:03",38,TOM,MCKELLEN,"2006-02-15 04:34:33"
516,"LEGEND JEDI","A Awe-Inspiring Epistle of a Pioneer And a Student who must Outgun a Crocodile in The Outback",2006,1,NULL,7,0.99,59,18.99,PG,"Commentaries,Deleted Scenes","2006-02-15 05:03:42",38,516,"2006-02-15 05:05:03",38,TOM,MCKELLEN,"2006-02-15 04:34:33"
547,"MAGIC MALLRATS","A Touching Documentary of a Pastry Chef And a Pastry Chef who must Build a Mad Scientist in California",2006,1,NULL,3,0.99,117,19.99,PG,"Trailers,Commentaries","2006-02-15 05:03:42",38,547,"2006-02-15 05:05:03",38,TOM,MCKELLEN,"2006-02-15 04:34:33"
583,"MISSION ZOOLANDER","A Intrepid Story of a Sumo Wrestler And a Teacher who must Meet a A Shark in An Abandoned Fun House",2006,1,NULL,3,4.99,164,26.99,PG-13,"Behind the Scenes","2006-02-15 05:03:42",38,583,"2006-02-15 05:05:03",38,TOM,MCKELLEN,"2006-02-15 04:34:33"
618,"NECKLACE OUTBREAK","A Astounding Epistle of a Database Administrator And a Mad Scientist who must Pursue a Cat in California",2006,1,NULL,3,0.99,132,21.99,PG,"Trailers,Commentaries,Behind the Scenes","2006-02-15 05:03:42",38,618,"2006-02-15 05:05:03",38,TOM,MCKELLEN,"2006-02-15 04:34:33"
619,"NEIGHBORS CHARADE","A Fanciful Reflection of a Crocodile And a Astronaut who must Outrace a Feminist in An Abandoned Amusement Park",2006,1,NULL,3,0.99,161,20.99,R,"Trailers,Commentaries,Deleted Scenes","2006-02-15 05:03:42",38,619,"2006-02-15 05:05:03",38,TOM,MCKELLEN,"2006-02-15 04:34:33"
705,"PURPLE MOVIE","A Boring Display of a Pastry Chef And a Sumo Wrestler who must Discover a Frisbee in An Abandoned Amusement Park",2006,1,NULL,4,2.99,88,9.99,R,"Commentaries,Deleted Scenes","2006-02-15 05:03:42",38,705,"2006-02-15 05:05:03",38,TOM,MCKELLEN,"2006-02-15 04:34:33"
793,"SHRUNK DIVINE","A Fateful Character Study of a Waitress And a Technical Writer who must Battle a Hunter in A Baloon",2006,1,NULL,6,2.99,139,14.99,R,"Trailers,Deleted Scenes,Behind the Scenes","2006-02-15 05:03:42",38,793,"2006-02-15 05:05:03",38,TOM,MCKELLEN,"2006-02-15 04:34:33"
827,"SPICE SORORITY","A Fateful Display of a Pioneer And a Hunter who must Defeat a Husband in An Abandoned Mine Shaft",2006,1,NULL,5,4.99,141,22.99,NC-17,"Trailers,Commentaries,Deleted Scenes,Behind the Scenes","2006-02-15 05:03:42",38,827,"2006-02-15 05:05:03",38,TOM,MCKELLEN,"2006-02-15 04:34:33"
839,"STALLION SUNDANCE","A Fast-Paced Tale of a Car And a Dog who must Outgun a A Shark in Australia",2006,1,NULL,5,0.99,130,23.99,PG-13,"Deleted Scenes,Behind the Scenes","2006-02-15 05:03:42",38,839,"2006-02-15 05:05:03",38,TOM,MCKELLEN,"2006-02-15 04:34:33"
853,"STRANGER STRANGERS","A Awe-Inspiring Yarn of a Womanizer And a Explorer who must Fight a Woman in The First Manned Space Station",2006,1,NULL,3,4.99,139,12.99,G,"Commentaries,Deleted Scenes","2006-02-15 05:03:42",38,853,"2006-02-15 05:05:03",38,TOM,MCKELLEN,"2006-02-15 04:34:33"
876,"TARZAN VIDEOTAPE","A Fast-Paced Display of a Lumberjack And a Mad Scientist who must Succumb a Sumo Wrestler in The Sahara Desert",2006,1,NULL,3,2.99,91,11.99,PG-13,Trailers,"2006-02-15 05:03:42",38,876,"2006-02-15 05:05:03",38,TOM,MCKELLEN,"2006-02-15 04:34:33"
71,"BILKO ANONYMOUS","A Emotional Reflection of a Teacher And a Man who must Meet a Cat in The First Manned Space Station",2006,1,NULL,3,4.99,100,25.99,PG-13,"Commentaries,Deleted Scenes,Behind the Scenes","2006-02-15 05:03:42",39,71,"2006-02-15 05:05:03",39,GOLDIE,BRODY,"2006-02-15 04:34:33"
73,"BINGO TALENTED","A Touching Tale of a Girl And a Crocodile who must Discover a Waitress in Nigeria",2006,1,NULL,5,2.99,150,22.99,PG-13,"Trailers,Commentaries","2006-02-15 05:03:42",39,73,"2006-02-15 05:05:03",39,GOLDIE,BRODY,"2006-02-15 04:34:33"
168,"COMANCHEROS ENEMY","A Boring Saga of a Lumberjack And a Monkey who must Find a Monkey in The Gulf of Mexico",2006,1,NULL,5,0.99,67,23.99,R,"Trailers,Behind the Scenes","2006-02-15 05:03:42",39,168,"2006-02-15 05:05:03",39,GOLDIE,BRODY,"2006-02-15 04:34:33"
203,"DAISY MENAGERIE","A Fast-Paced Saga of a Pastry Chef And a Monkey who must Sink a Composer in Ancient India",2006,1,NULL,5,4.99,84,9.99,G,"Trailers,Commentaries,Behind the Scenes","2006-02-15 05:03:42",39,203,"2006-02-15 05:05:03",39,GOLDIE,BRODY,"2006-02-15 04:34:33"
222,"DESERT POSEIDON","A Brilliant Documentary of a Butler And a Frisbee who must Build a Astronaut in New Orleans",2006,1,NULL,4,4.99,64,27.99,R,"Trailers,Behind the Scenes","2006-02-15 05:03:42",39,222,"2006-02-15 05:05:03",39,GOLDIE,BRODY,"2006-02-15 04:34:33"
290,"EVERYONE CRAFT","A Fateful Display of a Waitress And a Dentist who must Reach a Butler in Nigeria",2006,1,NULL,4,0.99,163,29.99,PG,"Trailers,Commentaries","2006-02-15 05:03:42",39,290,"2006-02-15 05:05:03",39,GOLDIE,BRODY,"2006-02-15 04:34:33"
293,"EXORCIST STING","A Touching Drama of a Dog And a Sumo Wrestler who must Conquer a Mad Scientist in Berlin",2006,1,NULL,6,2.99,167,17.99,G,"Commentaries,Deleted Scenes,Behind the Scenes","2006-02-15 05:03:42",39,293,"2006-02-15 05:05:03",39,GOLDIE,BRODY,"2006-02-15 04:34:33"
